config,model,pca,smote,split,accuracy_mean,accuracy_std,balanced_accuracy_mean,balanced_accuracy_std,f1_class_1_mean,f1_class_1_std,precision_class_1_mean,precision_class_1_std,recall_class_1_mean,recall_class_1_std,roc_auc_mean,roc_auc_std,pr_auc_mean,pr_auc_std,threshold_mean,threshold_std,validation_f1_at_optimized_threshold_mean,validation_f1_at_optimized_threshold_std,tn_mean,tn_std,fp_mean,fp_std,fn_mean,fn_std,tp_mean,tp_std,pca_explained_variance_rgb_pred_mean,pca_explained_variance_rgb_pred_std,pca_explained_variance_thr_pred_mean,pca_explained_variance_thr_pred_std,pca_explained_variance_rgb_det_mean,pca_explained_variance_rgb_det_std
2_ThrPred_Meta,logistic_regression,pca_off,smote_on,test_external,0.7805714285714285,0.42042932381855885,0.5764705882352941,0.08003567543639868,0.20222222222222222,0.17256238807393048,0.33571428571428574,0.40613911359512855,0.36,0.3847076812334269,0.7348235294117647,0.13461620441592267,0.18826424815237025,0.09210519353678458,0.21893679940231836,0.4369915989599399,0.14875420702986597,0.04090949396938289,134.8,75.37041860040317,35.2,75.37041860040317,3.2,1.9235384061671346,1.8,1.9235384061671346,,,,,,
4_RgbPred_ThrPred_Meta,svm,pca_off,smote_off,test_external,0.8548571428571428,0.08056940220349518,0.6923529411764706,0.07654408233033036,0.1784257708230824,0.03808124222366952,0.11873633358759214,0.038490245110225314,0.52,0.2280350850198276,0.6971764705882354,0.09371457808328823,0.21606048857092136,0.15430415246361326,0.040893974735845676,0.0035642129805583626,0.19167756330427563,0.12194277712905532,147.0,15.116216457830975,23.0,15.116216457830975,2.4,1.1401754250991378,2.6,1.1401754250991378,,,,,,
2_ThrPred_Meta,xgboost,pca_on,smote_on,test_external,0.7451428571428571,0.24752159254398437,0.6358823529411766,0.11163692385660798,0.15176228789132012,0.14272308238047415,0.11234275528393171,0.13310436803188513,0.52,0.363318042491699,0.7167058823529413,0.11779813828784837,0.11521501235712144,0.07025466418066091,0.1345892712473869,0.1212687447586477,0.13570850202429147,0.033316336971690196,127.8,44.74036209062238,42.2,44.74036209062238,2.4,1.8165902124584952,2.6,1.8165902124584952,,,0.9501083643833956,9.069603202876924e-05,,
1_MetaOnly,svm,pca_off,smote_on,test_external,0.8640000000000001,0.16832427402038544,0.6194117647058823,0.09406248383416158,0.14784853700516348,0.10949133177994357,0.15856558900037157,0.1976572350276132,0.36,0.3286335345030997,0.7538823529411764,0.023014964290975538,0.24935792329671774,0.036972500029824336,0.6241141077944945,0.38694975167038465,0.16198409114260387,0.057197107942819306,149.4,30.899838187278586,20.6,30.899838187278586,3.2,1.6431676725154984,1.8,1.6431676725154984,,,,,,
4_RgbPred_ThrPred_Meta,svm,pca_on,smote_off,test_external,0.9405714285714286,0.02606115257369457,0.5617647058823529,0.04479866532861123,0.1433333333333333,0.09689627902499089,0.14857142857142852,0.12805894334454562,0.16,0.0894427190999916,0.6863529411764706,0.09006956173734329,0.13273938056267393,0.08381834450508062,0.04948723937441292,0.013415330569816109,0.20555173321302353,0.12472866760598816,163.8,4.604345773288536,6.2,4.604345773288536,4.2,0.44721359549995787,0.8,0.4472135954999579,0.950135232881894,8.934113036051886e-05,0.9501083643833956,9.069603202876924e-05,,
4_RgbPred_ThrPred_Meta,logistic_regression,pca_off,smote_off,test_external,0.9645714285714286,0.015333037559998553,0.5741176470588235,0.10168136675920894,0.1422222222222222,0.20463758992393488,0.13999999999999999,0.21908902300206645,0.16,0.21908902300206645,0.7390588235294118,0.1263443966877616,0.18588669432620694,0.11762406450863719,0.4029813875970367,0.5349216944508846,0.21195697023283225,0.0968572711959677,168.0,3.464101615137756,2.0,3.4641016151377544,4.2,1.0954451150103321,0.8,1.0954451150103321,,,,,,
3_RgbPred_Meta,svm,pca_off,smote_off,test_external,0.9188571428571428,0.058330514995085,0.5505882352941176,0.043594942724378805,0.1133520074696545,0.085755265443949,0.10134099616858236,0.09621646317624258,0.16,0.0894427190999916,0.6983529411764706,0.08784068624031545,0.10195970168692851,0.050707064043443766,0.048036514649482956,0.007612356673271619,0.1903766223057768,0.12133943872179158,160.0,10.368220676663858,10.0,10.368220676663862,4.2,0.44721359549995787,0.8,0.4472135954999579,,,,,,
4_RgbPred_ThrPred_Meta,xgboost,pca_on,smote_on,test_external,0.6617142857142857,0.22151242651833516,0.6511764705882352,0.09213443615315352,0.11130871405634213,0.054774613695800105,0.06339223057644108,0.03406483708379793,0.64,0.2966479394838265,0.7016470588235294,0.09668770403069174,0.11159230827801525,0.036980588694232694,0.06816344186663623,0.0388757030915847,0.18087989106492047,0.07688621347193486,112.6,39.91616214016573,57.4,39.91616214016573,1.8,1.4832396974191326,3.2,1.4832396974191326,0.950135232881894,8.934113036051886e-05,0.9501083643833956,9.069603202876924e-05,,
2_ThrPred_Meta,random_forest,pca_on,smote_on,test_external,0.7485714285714286,0.28662711323393036,0.6376470588235295,0.10297058403481353,0.10967622571692874,0.0739619256763384,0.06462278244631184,0.04551674785182191,0.52,0.38987177379235854,0.6907058823529412,0.16017313297164276,0.18384104002508617,0.137969949065246,0.19666666666666663,0.03643868518179241,0.1135389503677777,0.03616847723448496,128.4,51.81023064994017,41.6,51.81023064994017,2.4,1.9493588689617927,2.6,1.9493588689617927,,,0.9501083643833956,9.069603202876924e-05,,
2_ThrPred_Meta,xgboost,pca_on,smote_off,test_external,0.8948571428571428,0.09651900521320626,0.5964705882352941,0.12118575064408171,0.10896358543417364,0.10509989068624133,0.0775910364145658,0.07783889866829853,0.28,0.33466401061363027,0.7249411764705883,0.16907319108787372,0.10773328499514942,0.07152604667171555,0.1167843639850616,0.07985742447982401,0.15852650642566607,0.055503804129650426,155.2,18.376615575235828,14.8,18.376615575235828,3.6,1.6733200530681511,1.4,1.6733200530681511,,,0.9501083643833956,9.069603202876924e-05,,
2_ThrPred_Meta,logistic_regression,pca_off,smote_off,test_external,0.7737142857142857,0.41678262332064764,0.5535294117647058,0.07925911253865531,0.10888888888888885,0.12678357178307476,0.09571428571428571,0.11990642610139027,0.32,0.41472882706655445,0.732,0.1319835367734883,0.1892190486939962,0.0925859285252579,0.2296998169033771,0.431940946389355,0.16781298904538336,0.05009983625386032,133.8,74.8678836351075,36.2,74.8678836351075,3.4,2.073644135332772,1.6,2.073644135332772,,,,,,
5_RgbDet_ThrPred_Meta,xgboost,pca_on,smote_on,test_external,0.7314285714285715,0.1604076439727794,0.648235294117647,0.07360584262953686,0.10862080150505196,0.027126104868583637,0.061912194559443814,0.01564764810761368,0.5599999999999999,0.2966479394838265,0.7625882352941177,0.07030531537687755,0.19068067163784386,0.13857892505913713,0.11901348792016504,0.08480752466141024,0.17811608977253143,0.09411687996515561,125.2,29.456747953567447,44.8,29.456747953567447,2.2,1.4832396974191326,2.8,1.4832396974191326,,,0.9501083643833956,9.069603202876924e-05,0.9502636037627221,0.0002098152740289107
1_MetaOnly,logistic_regression,pca_off,smote_off,test_external,0.7668571428571428,0.17291734488843305,0.6276470588235294,0.09771613432066578,0.10579777723112165,0.08632235749381599,0.06140338199161725,0.05383947834412757,0.48,0.2683281572999748,0.704,0.029123291193912115,0.2565065421902078,0.10756005752793055,0.5863661661233712,0.18373269822160096,0.1823691725565788,0.11713770577370716,131.8,31.164081889251925,38.2,31.16408188925193,2.6,1.3416407864998738,2.4,1.3416407864998738,,,,,,
5_RgbDet_ThrPred_Meta,logistic_regression,pca_off,smote_on,test_external,0.7337142857142858,0.3941738971881444,0.571764705882353,0.09879463863407455,0.10017154232141708,0.0846098597554924,0.0680142071821232,0.06248919326070113,0.4,0.4,0.7823529411764707,0.09028980637341126,0.16891123692254625,0.06772308083974048,0.20273473310035736,0.4456979780510289,0.17874103819844184,0.03248312156850718,126.4,70.74107717585306,43.6,70.74107717585306,3.0,2.0,2.0,2.0,,,,,,
4_RgbPred_ThrPred_Meta,logistic_regression,pca_off,smote_on,test_external,0.9554285714285713,0.021908902300206666,0.5694117647058824,0.0950459732141318,0.1,0.13693063937629152,0.07272727272727272,0.09958591954639383,0.16,0.21908902300206645,0.7437647058823529,0.13548937317079346,0.19194512560910484,0.11740857670674587,0.4072498783405581,0.5295642201143577,0.2044466162773233,0.08798767285914617,166.4,4.9295030175464944,3.6,4.929503017546495,4.2,1.0954451150103321,0.8,1.0954451150103321,,,,,,
1_MetaOnly,logistic_regression,pca_off,smote_on,test_external,0.7428571428571429,0.21483738510979955,0.5958823529411765,0.09769400005659931,0.09798865851497428,0.0931819583587241,0.05797787505514266,0.05994456752870232,0.44000000000000006,0.260768096208106,0.7108235294117647,0.025605470868708985,0.25708033599712327,0.11359146949767467,0.5987578944441097,0.2241112852992346,0.17475652336411826,0.08471813764164113,127.8,38.47986486462758,42.2,38.47986486462758,2.8,1.3038404810405297,2.2,1.3038404810405297,,,,,,
3_RgbPred_Meta,xgboost,pca_off,smote_off,test_external,0.8034285714285714,0.20826200139365272,0.5882352941176471,0.06684304810213834,0.09728937728937728,0.08081526591616141,0.06119626609949188,0.0569509190709584,0.36,0.29664793948382656,0.7042352941176471,0.0619889486746264,0.07684892723749304,0.020383855206699025,0.1987771719694137,0.17525728592366757,0.1902868459453825,0.06962985238796492,138.8,37.784917625952296,31.2,37.78491762595229,3.2,1.4832396974191326,1.8,1.4832396974191326,,,,,,
5_RgbDet_ThrPred_Meta,logistic_regression,pca_on,smote_off,test_external,0.6834285714285715,0.4246986927126533,0.5458823529411765,0.06519202405202648,0.09377777777777777,0.1384071645901199,0.21413533834586468,0.4396929224111182,0.4,0.469041575982343,0.744,0.11492618362088294,0.20748188837314294,0.12994018637951782,0.2864907964222997,0.42215052634068573,0.1503439153439153,0.05169670261028816,117.6,76.57218816254371,52.4,76.57218816254371,3.0,2.345207879911715,2.0,2.345207879911715,,,0.9501083643833956,9.069603202876924e-05,0.9502636037627221,0.0002098152740289107
5_RgbDet_ThrPred_Meta,xgboost,pca_on,smote_off,test_external,0.9268571428571428,0.04378052870714966,0.5547058823529412,0.06647319099537252,0.08999999999999998,0.09249624617007737,0.07157894736842105,0.08401292605993647,0.16,0.16733200530681513,0.6875294117647058,0.18411219687479222,0.15426278840550883,0.11555545510143347,0.18135837763547893,0.15935136796287497,0.21106640892432846,0.07646730304132095,161.4,8.294576541331084,8.6,8.29457654133109,4.2,0.8366600265340756,0.8,0.8366600265340756,,,0.9501083643833956,9.069603202876924e-05,0.9502636037627221,0.0002098152740289107
2_ThrPred_Meta,svm,pca_off,smote_off,test_external,0.6011428571428572,0.28720752647746917,0.5811764705882353,0.08147111913184422,0.08811076870398901,0.04804001880095095,0.057917556279264315,0.048608316580492,0.5599999999999999,0.4098780306383839,0.6244705882352941,0.09431376625493396,0.12500732213284427,0.04049981181686767,0.04042806183961596,0.004827802245206828,0.14390866971312513,0.03032545788681064,102.4,52.1756648256637,67.6,52.1756648256637,2.2,2.04939015319192,2.8,2.04939015319192,,,,,,
3_RgbPred_Meta,random_forest,pca_on,smote_on,test_external,0.696,0.26065537494898494,0.6105882352941177,0.07969991295206962,0.08688288288288284,0.05997191128901236,0.057028985507246346,0.05253192773728083,0.52,0.4147288270665544,0.7236470588235294,0.10071234173896816,0.15778305163774475,0.08673363877227759,0.20866666666666664,0.06833739825307956,0.1521305333178636,0.07214482696146678,119.2,47.62037379105712,50.8,47.62037379105712,2.4,2.0736441353327724,2.6,2.0736441353327724,0.950135232881894,8.934113036051886e-05,,,,
2_ThrPred_Meta,svm,pca_on,smote_off,test_external,0.7188571428571429,0.300323634957833,0.5447058823529412,0.08892864835512738,0.08531527600341376,0.08644794429045635,0.07250445632798572,0.10182070719542274,0.36,0.3847076812334269,0.583764705882353,0.08564592759433927,0.11922086352917387,0.03459748781075499,0.04660360016221706,0.017146837858468628,0.1391723508250746,0.027356482883754963,124.0,54.258639865002145,46.0,54.258639865002145,3.2,1.9235384061671346,1.8,1.9235384061671346,,,0.9501083643833956,9.069603202876924e-05,,
3_RgbPred_Meta,random_forest,pca_off,smote_on,test_external,0.42628571428571427,0.12542824601324531,0.6658823529411765,0.029748077196447734,0.08530140276288474,0.008604224490530747,0.0448027167360022,0.004907627276368863,0.9199999999999999,0.1095445115010332,0.7543529411764707,0.02942529100731296,0.09543578414304257,0.042107012808088505,0.21599999999999997,0.0451786576948797,0.13428818126821757,0.04141763473301145,70.0,22.438805672316875,100.0,22.438805672316875,0.4,0.5477225575051661,4.6,0.5477225575051662,,,,,,
4_RgbPred_ThrPred_Meta,xgboost,pca_off,smote_off,test_external,0.6182857142857142,0.16250086341999817,0.5900000000000001,0.12207831169725121,0.0847451596583183,0.0413104407786547,0.0465605890336391,0.02383008016295249,0.56,0.260768096208106,0.6357647058823529,0.1104398253226663,0.07808781589628681,0.025064859853647845,0.04534432254731654,0.025288112723612942,0.16102113686576264,0.07611619772551446,105.4,28.962044126753206,64.6,28.962044126753206,2.2,1.3038404810405297,2.8,1.3038404810405297,,,,,,
3_RgbPred_Meta,xgboost,pca_off,smote_on,test_external,0.39428571428571424,0.3196681953245284,0.6105882352941177,0.08686683919002146,0.08001762718742109,0.02006844122960415,0.044267576202524625,0.014214111025630896,0.8400000000000001,0.35777087639996635,0.7910588235294118,0.08251077312485258,0.11427919136102997,0.04879827547409404,0.11473309360444542,0.11064385582888814,0.1373923252567646,0.06445601759727006,64.8,57.50391291034028,105.2,57.50391291034028,0.8,1.788854381999832,4.2,1.7888543819998317,,,,,,
5_RgbDet_ThrPred_Meta,svm,pca_off,smote_off,test_external,0.7394285714285714,0.13356035095393684,0.5941176470588235,0.13027785053147117,0.07965174253660993,0.04814754184961717,0.04490085337625046,0.026909524463378028,0.44000000000000006,0.3847076812334269,0.6837647058823529,0.07724226033724621,0.060185306490582756,0.013356733485354995,0.040222674389422904,0.009048400698110139,0.14030001833852923,0.03934838342080143,127.2,25.083859352181037,42.8,25.083859352181037,2.8,1.9235384061671343,2.2,1.9235384061671343,,,,,,
3_RgbPred_Meta,svm,pca_off,smote_on,test_external,0.36457142857142855,0.24682142598755608,0.6147058823529411,0.07195370483955922,0.07873422873422868,0.019136107849256626,0.04157650623153642,0.011216966957550655,0.8800000000000001,0.17888543819998315,0.7378823529411764,0.10410069652649329,0.13889615491976098,0.11855919092808255,8.850856620269726e-05,0.00012719153514110167,0.16892029392029387,0.1274977695593607,59.4,43.94655845455933,110.6,43.94655845455933,0.6,0.8944271909999159,4.4,0.8944271909999159,,,,,,
4_RgbPred_ThrPred_Meta,random_forest,pca_off,smote_off,test_external,0.368,0.15694012897163254,0.6358823529411766,0.04359494272437884,0.07865384771666875,0.01024070465639304,0.04116803335553332,0.005744042412479707,0.9199999999999999,0.10954451150103317,0.7071764705882353,0.09367672453562408,0.0660638202540624,0.02060836947807481,0.07466666666666663,0.03708848278853635,0.17216759700244103,0.06350617865141535,59.8,27.941009287425537,110.2,27.941009287425537,0.4,0.5477225575051662,4.6,0.5477225575051661,,,,,,
4_RgbPred_ThrPred_Meta,xgboost,pca_off,smote_on,test_external,0.2788571428571428,0.24285378148934286,0.6094117647058823,0.14058392806594155,0.07810658478955457,0.031200037651464424,0.040899730612630504,0.017019112712635266,0.96,0.08944271909999157,0.7331764705882353,0.16627071767780824,0.10192390771826373,0.073346775420983,0.21950460746884343,0.17287428104671007,0.14330085685679922,0.02534673254330129,44.0,42.40872551728005,126.0,42.40872551728005,0.2,0.447213595499958,4.8,0.44721359549995787,,,,,,
1_MetaOnly,svm,pca_off,smote_off,test_external,0.6731428571428572,0.21958773989046856,0.6182352941176471,0.06914580152483672,0.07722401309898427,0.046464272325016695,0.042436456063907,0.026795526963978675,0.56,0.35777087639996635,0.7122352941176471,0.03499480930367658,0.1693583104851872,0.08917237573958585,0.04829612955744218,0.022750406780676666,0.14465941470655444,0.0341489289784816,115.0,40.168395536789866,55.0,40.168395536789866,2.2,1.7888543819998317,2.8,1.7888543819998317,,,,,,
5_RgbDet_ThrPred_Meta,random_forest,pca_off,smote_off,test_external,0.5497142857142856,0.3843765160912527,0.5547058823529412,0.06391901233911793,0.07634464792153453,0.031680452145870584,0.043850371216188,0.0206864512943971,0.5599999999999999,0.40987803063838396,0.6163529411764707,0.18223307255699783,0.0603285852056344,0.023426735179345917,0.08466666666666663,0.038412960775701166,0.10194017625794456,0.01717286569363428,93.4,69.21199318037301,76.6,69.21199318037301,2.2,2.04939015319192,2.8,2.04939015319192,,,,,,
4_RgbPred_ThrPred_Meta,random_forest,pca_off,smote_on,test_external,0.2754285714285714,0.0569138267336628,0.6270588235294118,0.02929388140703236,0.07339586024361507,0.0051002254671997024,0.03810178483473932,0.002744041975027889,1.0,0.0,0.7495294117647059,0.12202685619656842,0.12633899852390273,0.1101150319752056,0.19266666666666662,0.03260879227038827,0.1395079792301004,0.06622014780199094,43.2,9.959919678390985,126.8,9.959919678390985,0.0,0.0,5.0,0.0,,,,,,
4_RgbPred_ThrPred_Meta,logistic_regression,pca_on,smote_off,test_external,0.7565714285714286,0.35441472305530336,0.5447058823529412,0.026009048199334278,0.07223827381045775,0.045123457740567974,0.04660689170182838,0.03192782682704596,0.32,0.3898717737923586,0.6395294117647059,0.14838367923385562,0.12073311837059038,0.10181501096361008,0.20006737297316723,0.44717594078984546,0.22393293605042897,0.09808542742309333,130.8,63.954671447830926,39.2,63.954671447830926,3.4,1.9493588689617927,1.6,1.9493588689617927,0.950135232881894,8.934113036051886e-05,0.9501083643833956,9.069603202876924e-05,,
4_RgbPred_ThrPred_Meta,svm,pca_on,smote_on,test_external,0.29828571428571427,0.24958414392336545,0.5805882352941176,0.09021312711849792,0.07016911660260834,0.016115126680508535,0.03667529150287764,0.008743446437843654,0.8800000000000001,0.17888543819998315,0.693764705882353,0.11245268132122146,0.17925497403983784,0.19108742924101793,2.0195243367897922e-05,2.7217326637644816e-05,0.16751052123632718,0.13548781646492922,47.8,44.3192960232899,122.2,44.3192960232899,0.6,0.8944271909999159,4.4,0.8944271909999159,0.950135232881894,8.934113036051886e-05,0.9501083643833956,9.069603202876924e-05,,
3_RgbPred_Meta,random_forest,pca_off,smote_off,test_external,0.5062857142857142,0.12575324071776606,0.5905882352941176,0.14823646124657247,0.0686314933602264,0.0389388077454535,0.03619591582278688,0.02059844318546726,0.68,0.3898717737923586,0.6799999999999999,0.09019202889460118,0.07179569333721107,0.03394869276979131,0.07266666666666663,0.014023789311975064,0.1627543012135822,0.02583288266207658,85.2,23.477648945326703,84.8,23.477648945326703,1.6,1.9493588689617927,3.4,1.9493588689617927,,,,,,
3_RgbPred_Meta,xgboost,pca_on,smote_on,test_external,0.5394285714285714,0.3688835887388003,0.588235294117647,0.08046684717826148,0.06842371497116022,0.04491081816186209,0.03675704412546514,0.024893821883783897,0.64,0.40987803063838396,0.7007058823529412,0.08080306273958233,0.169389987798074,0.1475476150058032,0.08464720528572796,0.0690130677629705,0.18233319475555496,0.0772301764902128,91.2,66.43568318306059,78.8,66.43568318306059,1.8,2.04939015319192,3.2,2.04939015319192,0.950135232881894,8.934113036051886e-05,,,,
2_ThrPred_Meta,logistic_regression,pca_on,smote_off,test_external,0.5439999999999999,0.4369728894593451,0.5517647058823529,0.05705427513708927,0.06480331262939956,0.042903737497009306,0.03785398509536436,0.0285986734035209,0.56,0.45607017003965516,0.6715294117647058,0.1282876309820077,0.18896303861087205,0.12087408119459755,0.2002091960191777,0.4470968573404689,0.15720685111989458,0.04283390634066233,92.4,78.67845956804187,77.6,78.67845956804187,2.2,2.2803508501982757,2.8,2.2803508501982757,,,0.9501083643833956,9.069603202876924e-05,,
2_ThrPred_Meta,random_forest,pca_off,smote_off,test_external,0.2068571428571428,0.3766967058035753,0.5141176470588236,0.021950715478876844,0.06228533132277786,0.01382592111913329,0.03420634920634914,0.011945696817748947,0.8400000000000001,0.35777087639996635,0.5114117647058823,0.07670168700183422,0.08206255456261993,0.07981314320228822,0.0693333333333333,0.02553864174583729,0.12460948570475949,0.05872555203048085,32.0,67.70893589475469,138.0,67.70893589475469,0.8,1.788854381999832,4.2,1.7888543819998317,,,,,,
5_RgbDet_ThrPred_Meta,svm,pca_off,smote_on,test_external,0.10399999999999994,0.16866341315998415,0.5388235294117647,0.08681205089116828,0.06198830409356719,0.014384063013156553,0.0320314547837483,0.007736853814678192,1.0,0.0,0.640235294117647,0.11394286190256372,0.06822550441045476,0.027734133435454132,5.074853507850833e-07,7.976588839414378e-07,0.09522579405697772,0.02985526399329814,13.2,29.516097302997224,156.8,29.516097302997224,0.0,0.0,5.0,0.0,,,,,,
5_RgbDet_ThrPred_Meta,random_forest,pca_on,smote_on,test_external,0.7794285714285714,0.21114266383134397,0.5952941176470589,0.09905697217775346,0.059874492432631946,0.05510110184657809,0.03277121374865734,0.030202479204788128,0.4,0.4242640687119285,0.7143529411764706,0.1034714075478381,0.10303957233301575,0.059332516636943715,0.23066666666666666,0.03752036484068054,0.1326076951598014,0.07221204788780376,134.4,39.05508929704296,35.6,39.05508929704296,3.0,2.1213203435596424,2.0,2.1213203435596424,,,0.9501083643833956,9.069603202876924e-05,0.9502636037627221,0.0002098152740289107
2_ThrPred_Meta,logistic_regression,pca_on,smote_on,test_external,0.5177142857142857,0.431089743959351,0.5382352941176471,0.035294117647058816,0.059709181953873536,0.039785482637315746,0.03491656491656488,0.027553042298791987,0.56,0.45607017003965516,0.6694117647058823,0.12338086306328955,0.17847667790992516,0.11603192128204198,0.200086737427532,0.44716514655703116,0.16125335854454342,0.04507433072803954,87.8,77.69298552636525,82.2,77.69298552636525,2.2,2.2803508501982757,2.8,2.2803508501982757,,,0.9501083643833956,9.069603202876924e-05,,
5_RgbDet_ThrPred_Meta,random_forest,pca_off,smote_on,test_external,0.10742857142857139,0.17632993193998345,0.5211764705882354,0.04735202775881912,0.05912334352701319,0.007977816433485498,0.03054945054945048,0.004422991603845742,0.96,0.08944271909999157,0.7429411764705882,0.04676933014502704,0.1251610315263762,0.03449374372335678,0.1973333333333333,0.052936020082947524,0.10840720349422525,0.02370023823269409,14.0,31.304951684997057,156.0,31.304951684997054,0.2,0.447213595499958,4.8,0.44721359549995804,,,,,,
5_RgbDet_ThrPred_Meta,logistic_regression,pca_off,smote_off,test_external,0.744,0.4028956415241839,0.5382352941176471,0.0637631864372906,0.0591111111111111,0.06636226802396035,0.0357142857142857,0.04164965639175215,0.32,0.41472882706655445,0.7792941176470588,0.08868356717287129,0.1447868989026613,0.04423640711502714,0.3942533225705516,0.5365720472177323,0.18116360247139998,0.03716959075731499,128.6,72.48310147889644,41.4,72.48310147889644,3.4,2.073644135332772,1.6,2.073644135332772,,,,,,
2_ThrPred_Meta,xgboost,pca_off,smote_on,test_external,0.22857142857142856,0.2449156456198496,0.5058823529411764,0.10774505343537766,0.05874632604882933,0.015610392956290986,0.030613521578402143,0.008445562849703237,0.8,0.2,0.604,0.16750272424577997,0.1862324489047474,0.15903563724234157,0.10726730264723297,0.09484542269742047,0.16033123402132562,0.0844407336870342,36.0,43.42810150121693,134.0,43.42810150121693,1.0,1.0,4.0,1.0,,,,,,
5_RgbDet_ThrPred_Meta,xgboost,pca_off,smote_on,test_external,0.06742857142857137,0.06355457240411101,0.52,0.03271191226682182,0.057943113208395534,0.004019405334238715,0.029839488213707084,0.0021366276593683523,1.0,0.0,0.6830588235294117,0.1900147508388025,0.0963325563975144,0.0589200974360667,0.13453130349516865,0.07785753983971537,0.1259682232739782,0.029091503878648794,6.8,11.122050170719426,163.2,11.122050170719426,0.0,0.0,5.0,0.0,,,,,,
4_RgbPred_ThrPred_Meta,svm,pca_off,smote_on,test_external,0.057142857142857086,0.032826072265931594,0.5147058823529411,0.016895772489817752,0.05719323929544114,0.001919145471261089,0.029439264257285058,0.0010175975740132795,1.0,0.0,0.7254117647058824,0.10009545617070117,0.23652837515326358,0.2452796820365127,2.9878761211466607e-06,5.734784458487417e-06,0.1704170697030635,0.10298556498275936,5.0,5.744562646538029,165.0,5.744562646538031,0.0,0.0,5.0,0.0,,,,,,
2_ThrPred_Meta,random_forest,pca_off,smote_on,test_external,0.05599999999999994,0.025682520061993428,0.5141176470588235,0.013218944149555456,0.057107880065470074,0.0014744633097310428,0.029393707020234437,0.0007813690096606981,1.0,0.0,0.6261176470588236,0.12266758186309211,0.1507498650375781,0.10686856356237266,0.21533333333333332,0.06085501896584483,0.11601208992273662,0.030881596250351098,4.8,4.494441010848846,165.2,4.494441010848846,0.0,0.0,5.0,0.0,,,,,,
4_RgbPred_ThrPred_Meta,logistic_regression,pca_on,smote_on,test_external,0.7668571428571428,0.3628773897613352,0.5305882352941176,0.03927324207717761,0.05704360679970434,0.058074091015759,0.03805401405845356,0.042451597779120734,0.27999999999999997,0.41472882706655445,0.6315294117647059,0.15781027547337564,0.11921803427260247,0.10453586399837378,0.2000288865077236,0.44719744896332264,0.22408263515301172,0.09982460460263266,132.8,65.54158984949937,37.2,65.54158984949939,3.6,2.073644135332772,1.4,2.073644135332772,0.950135232881894,8.934113036051886e-05,0.9501083643833956,9.069603202876924e-05,,
4_RgbPred_ThrPred_Meta,random_forest,pca_on,smote_off,test_external,0.7988571428571428,0.3763281243049171,0.5276470588235294,0.041833001326703805,0.056714383094751186,0.09625992762093295,0.05632911392405062,0.10912904826310788,0.24,0.43358966777357605,0.7045882352941177,0.15669897087743892,0.103349338196193,0.07670388003072665,0.08199999999999996,0.03060501048303472,0.11363394006251144,0.04109443231718305,138.6,67.9874988508917,31.4,67.9874988508917,3.8,2.16794833886788,1.2,2.16794833886788,0.950135232881894,8.934113036051886e-05,0.9501083643833956,9.069603202876924e-05,,
4_RgbPred_ThrPred_Meta,random_forest,pca_on,smote_on,test_external,0.8194285714285714,0.2705881726603612,0.5576470588235294,0.0939934842768646,0.055873015873015866,0.0875925885975719,0.034931129476584,0.05784546737567487,0.27999999999999997,0.4381780460041329,0.6754117647058824,0.10012569954483497,0.1174733630838088,0.07893982039598657,0.2633333333333333,0.07199537022151728,0.14911642302946645,0.02865005061386967,142.0,49.42165517260627,28.0,49.42165517260627,3.6,2.1908902300206643,1.4,2.1908902300206643,0.950135232881894,8.934113036051886e-05,0.9501083643833956,9.069603202876924e-05,,
2_ThrPred_Meta,svm,pca_off,smote_on,test_external,0.029714285714285638,0.002555506259999751,0.5005882352941177,0.0013153341044116378,0.05561762880198627,0.00013879999860332123,0.0286042692939244,7.343408793103837e-05,1.0,0.0,0.687764705882353,0.11205720239679613,0.107687634441371,0.04822252839330955,1.0390739220139189e-07,8.737172334090707e-09,0.0907909177789737,0.03394061497346071,0.2,0.447213595499958,169.8,0.44721359549995915,0.0,0.0,5.0,0.0,,,,,,
3_RgbPred_Meta,xgboost,pca_on,smote_off,test_external,0.8297142857142857,0.12029894735488705,0.5629411764705883,0.10364465511000549,0.05460646029892816,0.05402352732202232,0.030572398738782418,0.02972610968772294,0.28,0.33466401061363027,0.6023529411764705,0.066400275148469,0.07624115262880607,0.02804744624472786,0.11272192336618896,0.08397378718080958,0.16534176091024863,0.05593574448520725,143.8,22.675978479439426,26.2,22.675978479439426,3.6,1.6733200530681511,1.4,1.6733200530681511,0.950135232881894,8.934113036051886e-05,,,,
2_ThrPred_Meta,svm,pca_on,smote_on,test_external,0.2285714285714285,0.26957260201122457,0.5058823529411764,0.049083291965525466,0.05336915293595068,0.011293323130360708,0.027757843160119783,0.005392298654165779,0.8,0.34641016151377546,0.6318823529411765,0.11009621460608096,0.10777092807821442,0.066405355362211,3.59336677966828e-05,6.69755583423516e-05,0.13229757535679373,0.029469987767801648,36.0,48.85181675229694,134.0,48.85181675229694,1.0,1.7320508075688772,4.0,1.7320508075688772,,,0.9501083643833956,9.069603202876924e-05,,
2_ThrPred_Meta,random_forest,pca_on,smote_off,test_external,0.7314285714285714,0.28733824198342,0.5511764705882353,0.1220960255142107,0.05299160838366216,0.0682251355369425,0.029532241014799142,0.03924340128445964,0.36,0.433589667773576,0.5818823529411765,0.2633821148223708,0.1410233765807194,0.17581790358616506,0.07133333333333332,0.028925190866555525,0.11107598978288631,0.019839828786898075,126.2,52.083586666050564,43.8,52.083586666050564,3.2,2.16794833886788,1.8,2.16794833886788,,,0.9501083643833956,9.069603202876924e-05,,
2_ThrPred_Meta,xgboost,pca_off,smote_off,test_external,0.504,0.38985921058971107,0.4923529411764706,0.08573920382569668,0.052186974285027624,0.03992276470741024,0.02858149711497498,0.023322159956949536,0.48,0.363318042491699,0.47694117647058826,0.07817379272180737,0.0782863993301455,0.08883791908750875,0.1040644291322678,0.11623974369915797,0.1584222633879384,0.06239485678441479,85.8,69.87274146618265,84.2,69.87274146618265,2.6,1.816590212458495,2.4,1.816590212458495,,,,,,
1_MetaOnly,random_forest,pca_off,smote_off,test_external,0.7542857142857142,0.2560293350539412,0.5435294117647059,0.0750547666246428,0.045300832801389454,0.047689066801250804,0.024778244631185782,0.02616252861177184,0.32,0.363318042491699,0.6124705882352941,0.062432524129688693,0.04815149845431116,0.009039050207056226,0.10733333333333331,0.11402728718259598,0.14939957176184843,0.06642553672787693,130.4,46.48440598738463,39.6,46.48440598738463,3.4,1.816590212458495,1.6,1.816590212458495,,,,,,
3_RgbPred_Meta,svm,pca_on,smote_on,test_external,0.7062857142857142,0.3840195573250967,0.5188235294117647,0.039107694443752186,0.039540048623431204,0.03876340927759728,0.021840952881415302,0.021612772646784257,0.32,0.41472882706655445,0.7494117647058823,0.09765768900323868,0.10652787577234926,0.06582692566741896,0.27072117846912735,0.41574596296483407,0.18336066640635165,0.09967087110173499,122.0,69.23871749245504,48.0,69.23871749245504,3.4,2.073644135332772,1.6,2.073644135332772,0.950135232881894,8.934113036051886e-05,,,,
5_RgbDet_ThrPred_Meta,logistic_regression,pca_on,smote_on,test_external,0.5222857142857142,0.43613515972806,0.5211764705882354,0.059314130609538544,0.03739341211098124,0.035543839272635394,0.01944116044949258,0.0185583022172825,0.52,0.4816637831516918,0.7456470588235294,0.1113099105819946,0.2064002505945502,0.12615993104302342,0.2469621389449781,0.433065531274642,0.14794459909956353,0.04920131477840702,88.8,78.65557831457348,81.2,78.65557831457348,2.4,2.4083189157584592,2.6,2.4083189157584592,,,0.9501083643833956,9.069603202876924e-05,0.9502636037627221,0.0002098152740289107
5_RgbDet_ThrPred_Meta,svm,pca_on,smote_on,test_external,0.5017142857142857,0.4326548324954116,0.5105882352941176,0.028862518647875524,0.0351254480286738,0.032272995349845006,0.018192370473369156,0.016729412799231954,0.52,0.48166378315169184,0.5807058823529412,0.09396163540155972,0.044977530412627795,0.011593162599239907,0.18167601312079415,0.3518215695738194,0.1301075376654217,0.04583126023532209,85.2,78.10697792130995,84.8,78.10697792130995,2.4,2.4083189157584592,2.6,2.4083189157584592,,,0.9501083643833956,9.069603202876924e-05,0.9502636037627221,0.0002098152740289107
1_MetaOnly,random_forest,pca_off,smote_on,test_external,0.6491428571428571,0.3401944222028915,0.5088235294117647,0.044068600187563804,0.033934505677097736,0.03199927930784965,0.017956309534795458,0.01693727350747886,0.36,0.4098780306383839,0.5583529411764706,0.029492242836774114,0.050900033105994356,0.019621891243774742,0.21399999999999997,0.17404341731622922,0.1434466377504352,0.03201118332629772,111.8,61.544292992933144,58.2,61.544292992933144,3.2,2.04939015319192,1.8,2.04939015319192,,,,,,
5_RgbDet_ThrPred_Meta,random_forest,pca_on,smote_off,test_external,0.7485714285714286,0.353224216240585,0.5211764705882354,0.05651346411517863,0.03185787413429688,0.045425537963354704,0.017480537862703437,0.02536145531035667,0.27999999999999997,0.4381780460041329,0.6091764705882353,0.12791690101004574,0.11409044268271056,0.12918950123964915,0.0853333333333333,0.030239782480111263,0.1168932200566383,0.03832710165916911,129.6,63.943725259011934,40.4,63.943725259011934,3.6,2.1908902300206643,1.4,2.1908902300206643,,,0.9501083643833956,9.069603202876924e-05,0.9502636037627221,0.0002098152740289107
3_RgbPred_Meta,logistic_regression,pca_on,smote_off,test_external,0.7417142857142858,0.31924400494586824,0.556470588235294,0.07757683990705859,0.03150387596899224,0.043147373170910254,0.01648556876061118,0.022582591794770242,0.36,0.4979959839195493,0.6611764705882354,0.09615083306431586,0.06253412882553794,0.03196648186600194,0.5627899813508944,0.5193069649780002,0.17922669922669918,0.07105654578582007,128.0,58.356662001865736,42.0,58.356662001865736,3.2,2.4899799195977463,1.8,2.4899799195977463,0.950135232881894,8.934113036051886e-05,,,,
5_RgbDet_ThrPred_Meta,xgboost,pca_off,smote_off,test_external,0.48571428571428577,0.3616741119644951,0.4635294117647059,0.04625227947249071,0.03147287374349466,0.029030640032882953,0.0163870564263955,0.015085285010942504,0.44000000000000006,0.4560701700396552,0.556,0.10002629412095072,0.0402355724732621,0.007740416917324828,0.08827669154852624,0.07286282469933926,0.14623837651112076,0.06935652624605756,82.8,65.54921814941807,87.2,65.54921814941807,2.8,2.280350850198276,2.2,2.280350850198276,,,,,,
4_RgbPred_ThrPred_Meta,xgboost,pca_on,smote_off,test_external,0.8868571428571428,0.06381094525779941,0.49529411764705883,0.04620549855683645,0.0311111111111111,0.04540625942600566,0.01978494623655912,0.029697671132824125,0.08,0.10954451150103323,0.6049411764705882,0.16199747958225605,0.06379450111537036,0.030726135195941657,0.0937853138893842,0.07829742858378694,0.14162534579049008,0.04079780079567002,154.8,11.45425685062108,15.2,11.454256850621082,4.6,0.547722557505166,0.4,0.5477225575051662,0.950135232881894,8.934113036051886e-05,0.9501083643833956,9.069603202876924e-05,,
1_MetaOnly,xgboost,pca_off,smote_off,test_external,0.8617142857142858,0.17679227982036325,0.5017647058823529,0.08649259423864848,0.03086974275214372,0.05595878273856574,0.01808731808731808,0.03340665889023624,0.12000000000000002,0.1788854381999832,0.5275294117647059,0.07978713028533833,0.05306234322947926,0.02072863741966446,0.6396853595972061,0.33132871834019123,0.14583317410600338,0.058710022762205896,150.2,31.41973901864877,19.8,31.41973901864877,4.4,0.8944271909999159,0.6,0.8944271909999159,,,,,,
1_MetaOnly,xgboost,pca_off,smote_on,test_external,0.76,0.34821996332367694,0.5270588235294118,0.04757983638527805,0.030840046029919445,0.043343652709020616,0.01679235796882854,0.023915986627228984,0.27999999999999997,0.43817804600413285,0.6271764705882352,0.0983430194826702,0.051485805032532216,0.012449610859995283,0.43307004272937777,0.25913482248262965,0.1533257463951656,0.05137534848037358,131.6,63.0975435338017,38.4,63.0975435338017,3.6,2.1908902300206643,1.4,2.1908902300206643,,,,,,
3_RgbPred_Meta,logistic_regression,pca_on,smote_on,test_external,0.7942857142857143,0.24451534737525335,0.5252941176470588,0.0480412164449304,0.028203062046736498,0.039492508476528104,0.015009096422073959,0.021074468474596264,0.24,0.3286335345030997,0.6567058823529411,0.09982475994943307,0.06191804906474925,0.03243218687608097,0.406931732905684,0.5408910458983064,0.1775951518122902,0.07609765677321717,137.8,44.386935014708996,32.2,44.386935014709,3.8,1.6431676725154984,1.2,1.6431676725154984,0.950135232881894,8.934113036051886e-05,,,,
3_RgbPred_Meta,svm,pca_on,smote_off,test_external,0.8879999999999999,0.12172904001787521,0.5152941176470589,0.024200002859675558,0.026938313525749834,0.03694103209663641,0.015384615384615361,0.021066252211737125,0.12000000000000002,0.1788854381999832,0.6882352941176471,0.07921325952407882,0.09815541182292783,0.06421927883856808,0.06108697658294726,0.02801422191126768,0.21978498255093998,0.1010130111084487,154.8,22.196846622887673,15.2,22.196846622887676,4.4,0.8944271909999159,0.6,0.8944271909999159,0.950135232881894,8.934113036051886e-05,,,,
3_RgbPred_Meta,random_forest,pca_on,smote_off,test_external,0.5965714285714286,0.3892137548170356,0.48176470588235293,0.09236418065739614,0.024286720676294442,0.03446796325168412,0.012571859391197798,0.017861946146812475,0.36,0.4979959839195493,0.6148235294117648,0.09757474288885927,0.05082963797711132,0.012049569974138558,0.06799999999999998,0.043627208635590393,0.16372898939796493,0.07457454862013055,102.6,70.4329468359801,67.4,70.4329468359801,3.2,2.4899799195977463,1.8,2.4899799195977463,0.950135232881894,8.934113036051886e-05,,,,
5_RgbDet_ThrPred_Meta,svm,pca_on,smote_off,test_external,0.8468571428571428,0.09539605947451557,0.4552941176470588,0.06421606046889926,0.013333333333333319,0.029814239699997164,0.008,0.017888543819998316,0.04,0.0894427190999916,0.6696470588235295,0.09024917448270484,0.05405789412525832,0.011112306755174254,0.0521814150918655,0.021031750799187197,0.1326997163925127,0.03381232607212223,148.0,16.718253497300488,22.0,16.718253497300488,4.8,0.4472135954999579,0.2,0.4472135954999579,,,0.9501083643833956,9.069603202876924e-05,0.9502636037627221,0.0002098152740289107
3_RgbPred_Meta,logistic_regression,pca_off,smote_on,test_external,0.7885714285714286,0.3930207451553276,0.5029411764705882,0.01556324300626232,0.01176470588235294,0.026306682088232818,0.00606060606060606,0.013551927136362359,0.2,0.4472135954999579,0.7162352941176471,0.15242764464233868,0.09529915608684827,0.03865661436946871,0.40270571772385627,0.545273637778268,0.1664176410321223,0.08072913186267504,137.0,71.01408311032397,33.0,71.01408311032397,4.0,2.23606797749979,1.0,2.23606797749979,,,,,,
3_RgbPred_Meta,logistic_regression,pca_off,smote_off,test_external,0.7851428571428571,0.3913472282528962,0.5011764705882353,0.017962860570120556,0.01176470588235294,0.026306682088232818,0.00606060606060606,0.013551927136362359,0.2,0.4472135954999579,0.7127058823529412,0.14767728774215375,0.09279643778161531,0.03851569331201807,0.4039751192226803,0.5441367869020795,0.1686234175764742,0.0798432048472349,136.4,70.71986990938261,33.6,70.71986990938261,4.0,2.23606797749979,1.0,2.23606797749979,,,,,,
4_RgbPred_ThrPred_Meta,svm,pca_on,smote_off,test_internal,0.7295081967213115,0.064994883308007,0.6770940170940171,0.03134637960988159,0.1604709966708726,0.02258354634329984,0.09276867322787294,0.015533112274121614,0.62,0.10954451150103323,0.7803418803418805,0.03610795009681826,0.181343319842535,0.08463062967060672,0.04948723937441292,0.013415330569816109,0.20555173321302353,0.12472866760598816,171.8,16.769019053003664,62.2,16.769019053003667,3.8,1.0954451150103321,6.2,1.0954451150103321,0.950135232881894,8.934113036051886e-05,0.9501083643833956,9.069603202876924e-05,,
5_RgbDet_ThrPred_Meta,svm,pca_on,smote_off,test_internal,0.7065573770491803,0.14724469338911683,0.6555555555555556,0.05651052988878959,0.15450280738413427,0.0366971838816278,0.09628029885588671,0.04064305224598408,0.6,0.25495097567963926,0.6979487179487179,0.025518582292589895,0.1119189650755776,0.026856829118178112,0.0521814150918655,0.021031750799187197,0.1326997163925127,0.03381232607212223,166.4,38.33144922905994,67.6,38.33144922905994,4.0,2.5495097567963922,6.0,2.5495097567963922,,,0.9501083643833956,9.069603202876924e-05,0.9502636037627221,0.0002098152740289107
1_MetaOnly,random_forest,pca_off,smote_on,test_internal,0.739344262295082,0.1831146440259734,0.596068376068376,0.07016711421323857,0.15405816405816403,0.06792016911092855,0.10194395145971136,0.05758738235860578,0.44000000000000006,0.08944271909999157,0.5791452991452992,0.045918450440709385,0.10300389828307807,0.03614183272998878,0.21399999999999997,0.17404341731622922,0.1434466377504352,0.03201118332629772,176.0,45.34313619501854,58.0,45.34313619501854,5.6,0.8944271909999159,4.4,0.8944271909999159,,,,,,
3_RgbPred_Meta,svm,pca_on,smote_off,test_internal,0.7040983606557376,0.2475932254069187,0.6255555555555555,0.04039241547247547,0.14985864377168717,0.03174776511268374,0.10139159973936784,0.03957911871818091,0.54,0.34351128074635334,0.7329914529914531,0.010681196273430426,0.12899866207075178,0.012396006164755833,0.06108697658294726,0.02801422191126768,0.21978498255093998,0.1010130111084487,166.4,63.818492617735814,67.6,63.818492617735814,4.6,3.4351128074635335,5.4,3.4351128074635335,0.950135232881894,8.934113036051886e-05,,,,
3_RgbPred_Meta,svm,pca_off,smote_off,test_internal,0.671311475409836,0.0876800179146942,0.6754700854700856,0.03634061997798406,0.14696903574536918,0.016192052390848043,0.0828895388226794,0.010242249694485967,0.6799999999999999,0.130384048104053,0.7407692307692308,0.010192106109924007,0.12894417932655494,0.02086703476960717,0.048036514649482956,0.007612356673271619,0.1903766223057768,0.12133943872179158,157.0,22.47220505424423,77.0,22.47220505424423,3.2,1.3038404810405297,6.8,1.3038404810405297,,,,,,
4_RgbPred_ThrPred_Meta,svm,pca_off,smote_off,test_internal,0.5852459016393443,0.14557547813206081,0.6784615384615384,0.031179892503738243,0.13658796410756094,0.012739611697341077,0.07583491530627688,0.009996763278038525,0.78,0.21679483388678802,0.7796581196581196,0.04063044161030213,0.16980501420822533,0.060642487648263625,0.040893974735845676,0.0035642129805583626,0.19167756330427563,0.12194277712905532,135.0,37.662979170532964,99.0,37.662979170532964,2.2,2.16794833886788,7.8,2.16794833886788,,,,,,
3_RgbPred_Meta,xgboost,pca_off,smote_off,test_internal,0.6204918032786886,0.20723282744997354,0.6298290598290598,0.04250192829717272,0.1284231845632641,0.02392578164627385,0.07540991688050505,0.02312392043885287,0.64,0.28809720581775866,0.7103418803418803,0.031119504362326928,0.10322600897131651,0.025857348204054262,0.1987771719694137,0.17525728592366757,0.1902868459453825,0.06962985238796492,145.0,53.36197147782304,89.0,53.36197147782304,3.6,2.8809720581775866,6.4,2.8809720581775866,,,,,,
3_RgbPred_Meta,svm,pca_on,smote_on,test_internal,0.55,0.32160251539620177,0.5930769230769231,0.05068329225364025,0.12103129044107255,0.03194687254077152,0.07176333176513856,0.027928275759817874,0.64,0.28809720581775866,0.7481196581196581,0.03260854584361606,0.13282470929894447,0.017687934237828922,0.27072117846912735,0.41574596296483407,0.18336066640635165,0.09967087110173499,127.8,81.25084614944019,106.2,81.25084614944019,3.6,2.8809720581775866,6.4,2.8809720581775866,0.950135232881894,8.934113036051886e-05,,,,
1_MetaOnly,xgboost,pca_off,smote_on,test_internal,0.7565573770491804,0.2577507207033805,0.5571794871794872,0.030331947332826934,0.12091201217689566,0.04594767856134503,0.08900280112044814,0.04910276100523967,0.34,0.27018512172212594,0.5762393162393161,0.01965022137874695,0.10663615089428617,0.06952216756123643,0.43307004272937777,0.25913482248262965,0.1533257463951656,0.05137534848037358,181.2,65.52633058549823,52.8,65.52633058549823,6.6,2.701851217221259,3.4,2.701851217221259,,,,,,
5_RgbDet_ThrPred_Meta,svm,pca_on,smote_on,test_internal,0.5024590163934426,0.4003995585707208,0.5587179487179487,0.05444786582387984,0.12072206775728458,0.04837589624591836,0.07587938347689613,0.042396329467600954,0.62,0.32710854467592254,0.6533760683760684,0.031522127658298545,0.18447602194127002,0.07994559691042225,0.18167601312079415,0.3518215695738194,0.1301075376654217,0.04583126023532209,116.4,100.95692150615528,117.6,100.95692150615528,3.8,3.271085446759225,6.2,3.271085446759225,,,0.9501083643833956,9.069603202876924e-05,0.9502636037627221,0.0002098152740289107
5_RgbDet_ThrPred_Meta,svm,pca_off,smote_off,test_internal,0.5639344262295082,0.15295178605637114,0.6099145299145299,0.03083800481104651,0.11424712603957884,0.01817116740817389,0.06316446631941955,0.012085352224829394,0.6599999999999999,0.15165750888103102,0.6995726495726495,0.03209541121626366,0.11389377880764232,0.026727174606218308,0.040222674389422904,0.009048400698110139,0.14030001833852923,0.03934838342080143,131.0,38.723377951826464,103.0,38.723377951826464,3.4,1.51657508881031,6.6,1.5165750888103102,,,,,,
4_RgbPred_ThrPred_Meta,xgboost,pca_off,smote_off,test_internal,0.4426229508196721,0.14779690918243416,0.6232478632478633,0.0397350877773294,0.10879637839314052,0.010864700282716725,0.058637727414958665,0.0067412914586971896,0.82,0.19235384061671346,0.7044444444444444,0.02631868061060822,0.10536819750791075,0.03544400585082816,0.04534432254731654,0.025288112723612942,0.16102113686576264,0.07611619772551446,99.8,37.811373950175366,134.2,37.811373950175366,1.8,1.9235384061671343,8.2,1.9235384061671346,,,,,,
4_RgbPred_ThrPred_Meta,xgboost,pca_on,smote_off,test_internal,0.8057377049180328,0.10779545562137703,0.5828205128205128,0.08364089637899393,0.10852523465526558,0.07359278947025584,0.06622505543237248,0.04683089750890822,0.33999999999999997,0.25099800796022265,0.6004273504273504,0.1147561230800013,0.0819813818254212,0.03966813834105037,0.0937853138893842,0.07829742858378694,0.14162534579049008,0.04079780079567002,193.2,28.314307337457507,40.8,28.314307337457507,6.6,2.5099800796022267,3.4,2.5099800796022267,0.950135232881894,8.934113036051886e-05,0.9501083643833956,9.069603202876924e-05,,
3_RgbPred_Meta,random_forest,pca_on,smote_on,test_internal,0.6360655737704919,0.22703216483557445,0.5709401709401709,0.018907540004811034,0.10816621037388799,0.019966811667293957,0.06664663183552752,0.025237688899753686,0.5,0.27386127875258304,0.6208119658119658,0.06808541992569139,0.10508588838366109,0.032719298810794765,0.20866666666666664,0.06833739825307956,0.1521305333178636,0.07214482696146678,150.2,58.117983447466585,83.8,58.117983447466585,5.0,2.7386127875258306,5.0,2.7386127875258306,0.950135232881894,8.934113036051886e-05,,,,
4_RgbPred_ThrPred_Meta,logistic_regression,pca_on,smote_on,test_internal,0.6942622950819672,0.21348092753921727,0.6108547008547008,0.08729389593585661,0.10598637970905592,0.06934008107427066,0.05976996600349445,0.03998479657519525,0.52,0.34205262752974136,0.7146153846153845,0.05575113502797052,0.11553947807956473,0.06879308741984179,0.2000288865077236,0.44719744896332264,0.22408263515301172,0.09982460460263266,164.2,55.07903412370265,69.8,55.07903412370264,4.8,3.420526275297414,5.2,3.420526275297414,0.950135232881894,8.934113036051886e-05,0.9501083643833956,9.069603202876924e-05,,
4_RgbPred_ThrPred_Meta,xgboost,pca_on,smote_on,test_internal,0.6139344262295082,0.1236116122808636,0.5785470085470086,0.12325018964813628,0.10421872431594034,0.05212814333253155,0.058231579419067,0.02987856344244575,0.54,0.2792848008753788,0.6048717948717949,0.13524024018598751,0.1012816001608996,0.051361894687604485,0.06816344186663623,0.0388757030915847,0.18087989106492047,0.07688621347193486,144.4,31.373555743651373,89.6,31.373555743651373,4.6,2.792848008753788,5.4,2.792848008753788,0.950135232881894,8.934113036051886e-05,0.9501083643833956,9.069603202876924e-05,,
1_MetaOnly,logistic_regression,pca_off,smote_on,test_internal,0.7581967213114754,0.18076976407984385,0.5484615384615384,0.029884905966826546,0.10257001437381183,0.03277541555380978,0.10944176414233835,0.12525350505080518,0.32,0.24899799195977462,0.5905128205128205,0.01824991481491623,0.10919571328221593,0.04272403414965419,0.5987578944441097,0.2241112852992346,0.17475652336411826,0.08471813764164113,181.8,46.569303194271654,52.2,46.569303194271654,6.8,2.4899799195977463,3.2,2.4899799195977463,,,,,,
4_RgbPred_ThrPred_Meta,random_forest,pca_off,smote_off,test_internal,0.3590163934426229,0.11539632931395455,0.6083760683760684,0.036981988456971475,0.10240900789158294,0.010243234084155364,0.05445224969557152,0.005950455063387223,0.8800000000000001,0.08366600265340753,0.6822649572649573,0.025711708133268747,0.08528298278949675,0.0032150030269090567,0.07466666666666663,0.03708848278853635,0.17216759700244103,0.06350617865141535,78.8,28.830539363667828,155.2,28.83053936366782,1.2,0.8366600265340756,8.8,0.8366600265340757,,,,,,
4_RgbPred_ThrPred_Meta,logistic_regression,pca_on,smote_off,test_internal,0.6819672131147541,0.20032978051729342,0.6140170940170939,0.08987749472884347,0.10186052288752226,0.06294480343980689,0.05667764392996222,0.035204028768257525,0.54,0.35777087639996635,0.72,0.051745943152780985,0.11546797387049941,0.06506720686473036,0.20006737297316723,0.44717594078984546,0.22393293605042897,0.09808542742309333,161.0,52.1200537221519,73.0,52.1200537221519,4.6,3.5777087639996634,5.4,3.5777087639996634,0.950135232881894,8.934113036051886e-05,0.9501083643833956,9.069603202876924e-05,,
3_RgbPred_Meta,random_forest,pca_off,smote_off,test_internal,0.38524590163934425,0.07086728059750239,0.6029059829059829,0.04836088976940437,0.10032244774499677,0.01116231003211003,0.05338271321456388,0.005807500106191892,0.8400000000000001,0.15165750888103102,0.6544871794871795,0.01859588266840562,0.0946035739506705,0.018050877439053908,0.07266666666666663,0.014023789311975064,0.1627543012135822,0.02583288266207658,85.6,18.528356645962965,148.4,18.528356645962965,1.6,1.51657508881031,8.4,1.51657508881031,,,,,,
1_MetaOnly,svm,pca_off,smote_on,test_internal,0.827049180327869,0.1748996717820397,0.5460683760683761,0.05237649795632894,0.09938816738816736,0.06810105969518494,0.07385878489326761,0.05462351699009907,0.24,0.2073644135332772,0.5679487179487179,0.028222928855814768,0.10659548979437439,0.042180450057736796,0.6241141077944945,0.38694975167038465,0.16198409114260387,0.057197107942819306,199.4,44.45559582324817,34.6,44.45559582324817,7.6,2.0736441353327724,2.4,2.073644135332772,,,,,,
3_RgbPred_Meta,random_forest,pca_off,smote_on,test_internal,0.34508196721311474,0.06743017729073407,0.6011111111111112,0.04438749638844762,0.09906426859536546,0.009517273962235461,0.05251153399742266,0.004983739887311763,0.8800000000000001,0.130384048104053,0.6358547008547009,0.01544489023521919,0.09626885326612093,0.03261495378646253,0.21599999999999997,0.0451786576948797,0.13428818126821757,0.04141763473301145,75.4,17.41551032843999,158.6,17.415510328439993,1.2,1.3038404810405297,8.8,1.3038404810405297,,,,,,
3_RgbPred_Meta,xgboost,pca_off,smote_on,test_internal,0.3393442622950819,0.18010418317340682,0.5885470085470086,0.03155224029033024,0.09843831278171582,0.011075597934453618,0.05247939541498732,0.006970120381566201,0.86,0.1673320053068151,0.6590598290598291,0.0196567260747212,0.1314650579306466,0.04478913634490041,0.11473309360444542,0.11064385582888814,0.1373923252567646,0.06445601759727006,74.2,45.53240604229036,159.8,45.53240604229036,1.4,1.6733200530681511,8.6,1.6733200530681507,,,,,,
5_RgbDet_ThrPred_Meta,random_forest,pca_off,smote_off,test_internal,0.46803278688524597,0.2613713241622529,0.5694871794871795,0.03392204217874771,0.09813311914766101,0.01103140306461389,0.053663260356962915,0.007422691761203874,0.6799999999999999,0.25884358211089564,0.6593589743589743,0.01406317342605532,0.13295123190036023,0.042183398001678585,0.08466666666666663,0.038412960775701166,0.10194017625794456,0.01717286569363428,107.4,66.28951651656543,126.6,66.28951651656543,3.2,2.588435821108957,6.8,2.588435821108957,,,,,,
5_RgbDet_ThrPred_Meta,xgboost,pca_off,smote_off,test_internal,0.44098360655737706,0.2739103402504243,0.5553846153846154,0.0707117112132793,0.09763965426160233,0.025083209284563097,0.0536459395855298,0.015884602093166725,0.6799999999999999,0.23874672772626646,0.6645299145299145,0.04894142028610935,0.0973138420135912,0.021438098188469413,0.08827669154852624,0.07286282469933926,0.14623837651112076,0.06935652624605756,100.8,68.92532190711916,133.2,68.92532190711916,3.2,2.3874672772626644,6.8,2.3874672772626644,,,,,,
4_RgbPred_ThrPred_Meta,random_forest,pca_off,smote_on,test_internal,0.30163934426229505,0.06561218137305785,0.5976068376068376,0.01977067369402056,0.09754266568805225,0.004436629064635653,0.05152278041527462,0.0024366788005812296,0.9199999999999999,0.0836660026534075,0.6720085470085471,0.031541892315657044,0.07885880375088906,0.013948649875268525,0.19266666666666662,0.03260879227038827,0.1395079792301004,0.06622014780199094,64.4,16.742162345408072,169.6,16.742162345408072,0.8,0.8366600265340756,9.2,0.8366600265340753,,,,,,
1_MetaOnly,svm,pca_off,smote_off,test_internal,0.6114754098360656,0.22454005064933524,0.5294017094017094,0.03233690399184692,0.09752304291336432,0.029203587737307486,0.06095509401791201,0.03028467502170491,0.44000000000000006,0.18165902124584948,0.5576923076923077,0.02829079195327102,0.0814712808018632,0.026334475886836538,0.04829612955744218,0.022750406780676666,0.14465941470655444,0.0341489289784816,144.8,56.592402316918836,89.2,56.59240231691883,5.6,1.816590212458495,4.4,1.816590212458495,,,,,,
4_RgbPred_ThrPred_Meta,xgboost,pca_off,smote_on,test_internal,0.3327868852459016,0.2034868051520846,0.5755555555555556,0.06337651503205509,0.0963194704997042,0.017618331714151284,0.05135291948310951,0.010117875812059713,0.8400000000000001,0.1816590212458495,0.6482051282051282,0.050427712587429036,0.16271496679073,0.08707010618088616,0.21950460746884343,0.17287428104671007,0.14330085685679922,0.02534673254330129,72.8,51.11946791585374,161.2,51.11946791585374,1.6,1.816590212458495,8.4,1.8165902124584952,,,,,,
1_MetaOnly,logistic_regression,pca_off,smote_off,test_internal,0.7352459016393442,0.17717057162106623,0.5269230769230769,0.037333896868105294,0.09582501819410053,0.052262054008590596,0.23407344405869787,0.42827267515438117,0.3,0.23452078799117146,0.5827350427350427,0.021076219479317475,0.09133996992688971,0.03476603462562273,0.5863661661233712,0.18373269822160096,0.1823691725565788,0.11713770577370716,176.4,45.46757086099938,57.6,45.46757086099938,7.0,2.345207879911715,3.0,2.345207879911715,,,,,,
3_RgbPred_Meta,svm,pca_off,smote_on,test_internal,0.20573770491803275,0.15786404330213027,0.5763247863247863,0.07918942946450908,0.09447213277414804,0.019207871365632463,0.049717647908788444,0.010692768956943226,0.9800000000000001,0.04472135954999578,0.7602564102564103,0.04966558485746866,0.1357062414317249,0.027377529515559603,8.850856620269726e-05,0.00012719153514110167,0.16892029392029387,0.1274977695593607,40.4,38.64324002979046,193.6,38.64324002979046,0.2,0.4472135954999579,9.8,0.44721359549995815,,,,,,
5_RgbDet_ThrPred_Meta,logistic_regression,pca_on,smote_on,test_internal,0.6254098360655738,0.3769110580939724,0.5558119658119658,0.0588469452305127,0.09443304678658282,0.06148392384389474,0.13304520615996024,0.20669857459278912,0.48,0.4207136793592526,0.6874358974358975,0.06331178913123539,0.10769515165483141,0.04188813795347697,0.2469621389449781,0.433065531274642,0.14794459909956353,0.04920131477840702,147.8,95.99843748728414,86.2,95.99843748728414,5.2,4.207136793592525,4.8,4.207136793592526,,,0.9501083643833956,9.069603202876924e-05,0.9502636037627221,0.0002098152740289107
3_RgbPred_Meta,xgboost,pca_on,smote_on,test_internal,0.5270491803278687,0.2955739296072602,0.5523931623931624,0.06606856956440524,0.0941344790966369,0.025007166424503572,0.05337229516667667,0.015032862464326542,0.58,0.3271085446759225,0.599059829059829,0.10087434619617376,0.12422643429286899,0.06190108862953228,0.08464720528572796,0.0690130677629705,0.18233319475555496,0.0772301764902128,122.8,75.10792235177325,111.2,75.10792235177325,4.2,3.271085446759225,5.8,3.271085446759225,0.950135232881894,8.934113036051886e-05,,,,
5_RgbDet_ThrPred_Meta,xgboost,pca_on,smote_on,test_internal,0.65,0.11992870541797038,0.5494871794871795,0.06080206957695095,0.09134224727142494,0.01753860871463632,0.05195601657107316,0.009134648726183369,0.44000000000000006,0.21908902300206645,0.5946153846153847,0.08200820183160254,0.08560896970592884,0.029064814756502896,0.11901348792016504,0.08480752466141024,0.17811608977253143,0.09411687996515561,154.2,31.156058800817537,79.8,31.15605880081754,5.6,2.1908902300206643,4.4,2.1908902300206643,,,0.9501083643833956,9.069603202876924e-05,0.9502636037627221,0.0002098152740289107
2_ThrPred_Meta,xgboost,pca_off,smote_on,test_internal,0.3721311475409836,0.2945321608332729,0.5482051282051282,0.030984232214468006,0.09069825037662926,0.011654678532026244,0.04926620265473886,0.007643437622074052,0.74,0.2966479394838265,0.5601709401709402,0.03386384757231817,0.08019124704700516,0.016844553093226532,0.10726730264723297,0.09484542269742047,0.16033123402132562,0.0844407336870342,83.4,74.77833910966464,150.6,74.77833910966464,2.6,2.9664793948382653,7.4,2.9664793948382653,,,,,,
4_RgbPred_ThrPred_Meta,random_forest,pca_on,smote_on,test_internal,0.8008196721311475,0.238808208374404,0.5515384615384615,0.06511353784187766,0.08984006505828132,0.07921160800907183,0.06363095238095236,0.06171000155066613,0.27999999999999997,0.363318042491699,0.6507692307692308,0.06394167844516124,0.09032723595745328,0.03493463034035166,0.2633333333333333,0.07199537022151728,0.14911642302946645,0.02865005061386967,192.6,61.760019430048764,41.4,61.76001943004876,7.2,3.63318042491699,2.8,3.63318042491699,0.950135232881894,8.934113036051886e-05,0.9501083643833956,9.069603202876924e-05,,
1_MetaOnly,random_forest,pca_off,smote_off,test_internal,0.759016393442623,0.20097434658955915,0.5584615384615385,0.059976466760932844,0.08969155844155843,0.057269421577189304,0.05847607340144649,0.03825779268329553,0.33999999999999997,0.27018512172212594,0.609957264957265,0.03423027572016392,0.18288238424471404,0.06413053447595171,0.10733333333333331,0.11402728718259598,0.14939957176184843,0.06642553672787693,181.8,51.455806280729874,52.2,51.455806280729874,6.6,2.701851217221259,3.4,2.701851217221259,,,,,,
2_ThrPred_Meta,random_forest,pca_on,smote_off,test_internal,0.6967213114754098,0.28493187443975954,0.5451282051282051,0.027251088292665177,0.08953407962753754,0.059206023406640794,0.13084981889105599,0.20756757138256063,0.38,0.3563705936241092,0.55482905982906,0.15175571100114324,0.0808550870368739,0.047932665631900254,0.07133333333333332,0.028925190866555525,0.11107598978288631,0.019839828786898075,166.2,73.0698296152386,67.8,73.0698296152386,6.2,3.5637059362410923,3.8,3.5637059362410923,,,0.9501083643833956,9.069603202876924e-05,,
4_RgbPred_ThrPred_Meta,svm,pca_on,smote_on,test_internal,0.1647540983606557,0.11307316888235017,0.5549572649572649,0.05451825827244484,0.0886398764751839,0.009898166027870572,0.04644581251059924,0.005419955015580395,0.9800000000000001,0.04472135954999578,0.7328632478632479,0.04347867952327765,0.16707483630633108,0.08704325712618759,2.0195243367897922e-05,2.7217326637644816e-05,0.16751052123632718,0.13548781646492922,30.4,27.763285108214408,203.6,27.763285108214408,0.2,0.4472135954999579,9.8,0.44721359549995815,0.950135232881894,8.934113036051886e-05,0.9501083643833956,9.069603202876924e-05,,
2_ThrPred_Meta,svm,pca_on,smote_on,test_internal,0.2491803278688524,0.23924388755366882,0.5415384615384615,0.03361621148971831,0.0881107007964904,0.009289503316064467,0.046711018979630106,0.005952671540626441,0.86,0.1949358868961793,0.581880341880342,0.0915381223708274,0.06133334234043279,0.021951455393159295,3.59336677966828e-05,6.69755583423516e-05,0.13229757535679373,0.029469987767801648,52.2,60.31334843962819,181.8,60.31334843962819,1.4,1.949358868961793,8.6,1.9493588689617927,,,0.9501083643833956,9.069603202876924e-05,,
3_RgbPred_Meta,logistic_regression,pca_off,smote_off,test_internal,0.7286885245901639,0.38368842828174077,0.5426495726495727,0.0561257719046887,0.08659946829571806,0.09905814324554114,0.061482954935180724,0.08238601257167122,0.34,0.4098780306383839,0.668034188034188,0.09375030133635552,0.10229851869261593,0.025566252274246207,0.4039751192226803,0.5441367869020795,0.1686234175764742,0.0798432048472349,174.4,97.56177530160058,59.6,97.56177530160058,6.6,4.09878030638384,3.4,4.09878030638384,,,,,,
2_ThrPred_Meta,xgboost,pca_on,smote_off,test_internal,0.8426229508196721,0.09778691959929588,0.5541880341880342,0.07971626303247085,0.0862255513940907,0.07890031974096054,0.05690110336424557,0.0540484083959963,0.24,0.260768096208106,0.564017094017094,0.07529279055812686,0.08157426737963426,0.061541038913493475,0.1167843639850616,0.07985742447982401,0.15852650642566607,0.055503804129650426,203.2,26.30019011338131,30.8,26.300190113381312,7.6,2.6076809620810595,2.4,2.6076809620810595,,,0.9501083643833956,9.069603202876924e-05,,
3_RgbPred_Meta,xgboost,pca_on,smote_off,test_internal,0.6918032786885246,0.22099628435687138,0.5904273504273505,0.09196011245961683,0.08601234549456238,0.052585246742575566,0.05080250431021884,0.029041231586926036,0.48,0.4207136793592526,0.6569230769230769,0.10861067182122355,0.11338227294846244,0.044999151317807656,0.11272192336618896,0.08397378718080958,0.16534176091024863,0.05593574448520725,164.0,58.0430874437258,70.0,58.0430874437258,5.2,4.207136793592525,4.8,4.207136793592526,0.950135232881894,8.934113036051886e-05,,,,
2_ThrPred_Meta,random_forest,pca_off,smote_on,test_internal,0.28524590163934416,0.09047078931583534,0.5411965811965812,0.031226715337172087,0.08576827433610854,0.006266051466708969,0.04529000350463032,0.0032032881656224865,0.82,0.13038404810405302,0.5468376068376068,0.02122731780305372,0.07168109121549535,0.03970133510849119,0.21533333333333332,0.06085501896584483,0.11601208992273662,0.030881596250351098,61.4,23.22283359110167,172.6,23.22283359110167,1.8,1.3038404810405297,8.2,1.30384048104053,,,,,,
5_RgbDet_ThrPred_Meta,random_forest,pca_off,smote_on,test_internal,0.1450819672131147,0.13708388453848705,0.5351282051282051,0.029076164337869966,0.08511200656145604,0.006702590716374749,0.044589292365793065,0.003963242272281784,0.96,0.08944271909999157,0.6625213675213675,0.026021307513971092,0.12719825117047345,0.029273850393358312,0.1973333333333333,0.052936020082947524,0.10840720349422525,0.02370023823269409,25.8,34.3394816501356,208.2,34.33948165013561,0.4,0.894427190999916,9.6,0.8944271909999161,,,,,,
3_RgbPred_Meta,logistic_regression,pca_off,smote_on,test_internal,0.7286885245901639,0.3883550851104534,0.5426495726495727,0.05754365146645057,0.08455988455988454,0.09303499317037248,0.05784429474269044,0.07283822965217801,0.34,0.4098780306383839,0.6599999999999999,0.10256748569918842,0.10315231148140688,0.027568304063374075,0.40270571772385627,0.545273637778268,0.1664176410321223,0.08072913186267504,174.4,98.69549128506327,59.6,98.69549128506327,6.6,4.09878030638384,3.4,4.09878030638384,,,,,,
5_RgbDet_ThrPred_Meta,logistic_regression,pca_off,smote_on,test_internal,0.7,0.37659675279615523,0.5372649572649573,0.04846933867492399,0.08451980190345351,0.061477699586933277,0.05391220801056862,0.041916964595758194,0.36,0.39115214431215894,0.6752136752136753,0.04885925675407174,0.10901759172652992,0.0396198342390658,0.20273473310035736,0.4456979780510289,0.17874103819844184,0.03248312156850718,167.2,95.68542208717062,66.8,95.68542208717062,6.4,3.9115214431215892,3.6,3.9115214431215892,,,,,,
3_RgbPred_Meta,random_forest,pca_on,smote_off,test_internal,0.530327868852459,0.36631183306476456,0.5541025641025641,0.045477796402924625,0.08416195430084318,0.054954587451499025,0.047375269645273596,0.03379139170628098,0.58,0.40249223594996214,0.6176068376068377,0.07766331273756093,0.09462758994256673,0.03269172478861245,0.06799999999999998,0.043627208635590393,0.16372898939796493,0.07457454862013055,123.6,93.29683810290679,110.4,93.29683810290679,4.2,4.024922359499621,5.8,4.024922359499621,0.950135232881894,8.934113036051886e-05,,,,
2_ThrPred_Meta,xgboost,pca_off,smote_off,test_internal,0.49918032786885247,0.28391909245688746,0.5378632478632478,0.09325330779188551,0.08376859540703785,0.03591366638512215,0.046035190032297016,0.01967878583671179,0.58,0.37013511046643494,0.5264957264957264,0.06450089912000503,0.05575420753863928,0.012590658050360252,0.1040644291322678,0.11623974369915797,0.1584222633879384,0.06239485678441479,116.0,72.44998274671983,118.0,72.44998274671983,4.2,3.7013511046643495,5.8,3.7013511046643495,,,,,,
5_RgbDet_ThrPred_Meta,xgboost,pca_on,smote_off,test_internal,0.8336065573770493,0.10720954272888458,0.5399145299145298,0.06618318548143821,0.08271091552612808,0.05941277921995556,0.054878048780487784,0.04078499372687196,0.22000000000000003,0.2280350850198276,0.6452991452991453,0.059960935245959704,0.09034643612111382,0.038252442936931454,0.18135837763547893,0.15935136796287497,0.21106640892432846,0.07646730304132095,201.2,28.172681803477637,32.8,28.172681803477637,7.8,2.280350850198276,2.2,2.280350850198276,,,0.9501083643833956,9.069603202876924e-05,0.9502636037627221,0.0002098152740289107
5_RgbDet_ThrPred_Meta,xgboost,pca_off,smote_on,test_internal,0.12049180327868844,0.07403186846923394,0.5223076923076924,0.028936073841273835,0.08235266435718477,0.004940227801759684,0.04303315321720356,0.0027093961079744473,0.96,0.05477225575051663,0.6547008547008547,0.034142598012604934,0.11995336265522469,0.05325693028606066,0.13453130349516865,0.07785753983971537,0.1259682232739782,0.029091503878648794,19.8,18.430952227163957,214.2,18.430952227163957,0.4,0.5477225575051661,9.6,0.5477225575051662,,,,,,
4_RgbPred_ThrPred_Meta,svm,pca_off,smote_on,test_internal,0.07459016393442618,0.05056121479767588,0.5175213675213676,0.026360975236395103,0.08154029926587039,0.004318483372004798,0.04250723956127202,0.002352338402449492,1.0,0.0,0.7240170940170939,0.06461716521763124,0.1505751948518458,0.06275615759055876,2.9878761211466607e-06,5.734784458487417e-06,0.1704170697030635,0.10298556498275936,8.2,12.336936410632909,225.8,12.336936410632907,0.0,0.0,10.0,0.0,,,,,,
5_RgbDet_ThrPred_Meta,random_forest,pca_on,smote_off,test_internal,0.7057377049180327,0.33953873021306474,0.5689743589743589,0.09657486175427729,0.08038873208603393,0.0818448609211894,0.04567280592514909,0.04764280889671875,0.42000000000000004,0.40249223594996214,0.578974358974359,0.1415090297499317,0.07723040684248098,0.046638960782163036,0.0853333333333333,0.030239782480111263,0.1168932200566383,0.03832710165916911,168.0,86.35971282953643,66.0,86.35971282953643,5.8,4.024922359499621,4.2,4.024922359499621,,,0.9501083643833956,9.069603202876924e-05,0.9502636037627221,0.0002098152740289107
2_ThrPred_Meta,random_forest,pca_off,smote_off,test_internal,0.31557377049180324,0.33373341125468925,0.5187179487179487,0.04038450232878857,0.0796250860543293,0.008721447864893594,0.04503829937905752,0.005481554396942381,0.74,0.36469165057620945,0.5083760683760683,0.01611895907159054,0.09736132834455458,0.04379893056088437,0.0693333333333333,0.02553864174583729,0.12460948570475949,0.05872555203048085,69.6,84.98411616296306,164.4,84.98411616296306,2.6,3.646916505762094,7.4,3.646916505762094,,,,,,
5_RgbDet_ThrPred_Meta,svm,pca_off,smote_on,test_internal,0.06803278688524586,0.060483805948764825,0.5045299145299145,0.010129196821152908,0.07943048214863549,0.0015436128849098134,0.04139932543728916,0.0009295756750136631,0.9800000000000001,0.04472135954999578,0.6376495726495727,0.05861333506722285,0.18964937820074165,0.0982122730224373,5.074853507850833e-07,7.976588839414378e-07,0.09522579405697772,0.02985526399329814,6.8,15.20526224699857,227.2,15.20526224699857,0.2,0.4472135954999579,9.8,0.44721359549995787,,,,,,
2_ThrPred_Meta,svm,pca_off,smote_on,test_internal,0.040983606557377,0.0,0.5,0.0,0.0787401574803149,0.0,0.040983606557377,0.0,1.0,0.0,0.5837606837606838,0.11867306690085913,0.06669964761636972,0.0346099316913452,1.0390739220139189e-07,8.737172334090707e-09,0.0907909177789737,0.03394061497346071,0.0,0.0,234.0,0.0,0.0,0.0,10.0,0.0,,,,,,
5_RgbDet_ThrPred_Meta,random_forest,pca_on,smote_on,test_internal,0.7508196721311475,0.16911387530839123,0.5637606837606837,0.08950589196920022,0.07424733207784052,0.07191396147994977,0.04162858305715448,0.040804588256299304,0.36,0.3361547262794322,0.6103418803418803,0.0772007393764767,0.08629581096243447,0.04333270777253186,0.23066666666666666,0.03752036484068054,0.1326076951598014,0.07221204788780376,179.6,44.32606456702422,54.4,44.32606456702422,6.4,3.361547262794322,3.6,3.361547262794322,,,0.9501083643833956,9.069603202876924e-05,0.9502636037627221,0.0002098152740289107
5_RgbDet_ThrPred_Meta,logistic_regression,pca_on,smote_off,test_internal,0.6967213114754098,0.4003827784203217,0.5355555555555556,0.061673640702362566,0.07321929586387907,0.07371983554211751,0.12140426848128671,0.2135097518470397,0.36,0.461519230368573,0.685128205128205,0.05865873051137087,0.10879651732717685,0.041745408313266626,0.2864907964222997,0.42215052634068573,0.1503439153439153,0.05169670261028816,166.4,102.13373585647398,67.6,102.13373585647398,6.4,4.61519230368573,3.6,4.61519230368573,,,0.9501083643833956,9.069603202876924e-05,0.9502636037627221,0.0002098152740289107
2_ThrPred_Meta,xgboost,pca_on,smote_on,test_internal,0.7,0.16450719612199485,0.5085470085470085,0.03463384545188856,0.07250041369422354,0.021897469365366917,0.0447624446144062,0.015369896777606898,0.3,0.21213203435596428,0.5776923076923077,0.09902982886799794,0.0827890768056037,0.03802844498464382,0.1345892712473869,0.1212687447586477,0.13570850202429147,0.033316336971690196,167.8,42.150919325680185,66.2,42.1509193256802,7.0,2.1213203435596424,3.0,2.1213203435596424,,,0.9501083643833956,9.069603202876924e-05,,
1_MetaOnly,xgboost,pca_off,smote_off,test_internal,0.8327868852459016,0.19334969287680528,0.5490598290598291,0.05253056396504604,0.07249510959136206,0.06741117489351495,0.05688302774781839,0.06053852091769237,0.24,0.30495901363953815,0.5813675213675213,0.04497200856680561,0.14024482375474662,0.09109928109766213,0.6396853595972061,0.33132871834019123,0.14583317410600338,0.058710022762205896,200.8,50.156754280954026,33.2,50.156754280954026,7.6,3.0495901363953815,2.4,3.0495901363953815,,,,,,
2_ThrPred_Meta,random_forest,pca_on,smote_on,test_internal,0.6868852459016394,0.2170893554022645,0.5208547008547008,0.10435421424565315,0.07020249191145647,0.06325338243060598,0.039813363317303764,0.036513139951961426,0.33999999999999997,0.3049590136395381,0.5934615384615385,0.10359784424336406,0.0670338509223366,0.019110138517339368,0.19666666666666663,0.03643868518179241,0.1135389503677777,0.03616847723448496,164.2,55.1561419970614,69.8,55.1561419970614,6.6,3.0495901363953815,3.4,3.049590136395381,,,0.9501083643833956,9.069603202876924e-05,,
2_ThrPred_Meta,logistic_regression,pca_on,smote_off,test_internal,0.6090163934426229,0.35949655367509864,0.5281196581196581,0.039187591456082894,0.06699515962566532,0.041435743829972935,0.03812575679373424,0.022565752708910657,0.44000000000000006,0.403732584763727,0.6277777777777778,0.04957357057794597,0.06913022260366342,0.011976087191769137,0.2002091960191777,0.4470968573404689,0.15720685111989458,0.04283390634066233,144.2,91.67442391419758,89.8,91.67442391419758,5.6,4.03732584763727,4.4,4.03732584763727,,,0.9501083643833956,9.069603202876924e-05,,
2_ThrPred_Meta,logistic_regression,pca_on,smote_on,test_internal,0.6032786885245901,0.36082335896106144,0.5251282051282051,0.033473298083162475,0.06610198082542214,0.039364274608682505,0.038001916116670184,0.021765463040219767,0.44000000000000006,0.403732584763727,0.6247863247863248,0.05016318610997723,0.06850520049378478,0.011849743677949985,0.200086737427532,0.44716514655703116,0.16125335854454342,0.04507433072803954,142.8,92.02010649852564,91.2,92.02010649852564,5.6,4.03732584763727,4.4,4.03732584763727,,,0.9501083643833956,9.069603202876924e-05,,
3_RgbPred_Meta,logistic_regression,pca_on,smote_on,test_internal,0.6836065573770492,0.3538905355514836,0.5287179487179487,0.03382337574200494,0.0610367540860116,0.058321987407997974,0.03773200168504976,0.03981905572694858,0.36,0.4159326868617084,0.6858119658119659,0.0453891622941622,0.09119097338241484,0.017958053157393555,0.406931732905684,0.5408910458983064,0.1775951518122902,0.07609765677321717,163.2,90.45827767540128,70.8,90.45827767540128,6.4,4.159326868617084,3.6,4.159326868617084,0.950135232881894,8.934113036051886e-05,,,,
3_RgbPred_Meta,logistic_regression,pca_on,smote_off,test_internal,0.660655737704918,0.39829445243584766,0.535897435897436,0.04330706903112163,0.057130882072775745,0.052444610267479576,0.03953532479848268,0.04178495438251551,0.4,0.5049752469181039,0.6900000000000001,0.039379594067963125,0.09216551508109413,0.016416084140269654,0.5627899813508944,0.5193069649780002,0.17922669922669918,0.07105654578582007,157.2,102.19931506619798,76.8,102.19931506619798,6.0,5.049752469181039,4.0,5.049752469181039,0.950135232881894,8.934113036051886e-05,,,,
5_RgbDet_ThrPred_Meta,logistic_regression,pca_off,smote_off,test_internal,0.7221311475409835,0.3879872815055295,0.5200854700854701,0.043259601123239795,0.05367569523017832,0.055038689372166244,0.03227698887000382,0.03270380285774765,0.3,0.4242640687119285,0.6804273504273505,0.047327395737757225,0.10576178961053777,0.039705238584087046,0.3942533225705516,0.5365720472177323,0.18116360247139998,0.03716959075731499,173.2,98.81902650805664,60.8,98.81902650805664,7.0,4.242640687119285,3.0,4.242640687119285,,,,,,
2_ThrPred_Meta,svm,pca_on,smote_off,test_internal,0.6426229508196721,0.3526781629044056,0.5169230769230769,0.06644550209260286,0.05238399668779412,0.048778661219577135,0.03162529044881984,0.029277608841862028,0.38,0.48166378315169184,0.6159829059829061,0.05042155551232011,0.058507832735669764,0.009172707109922497,0.04660360016221706,0.017146837858468628,0.1391723508250746,0.027356482883754963,153.0,90.7496556467296,81.0,90.7496556467296,6.2,4.8166378315169185,3.8,4.8166378315169185,,,0.9501083643833956,9.069603202876924e-05,,
2_ThrPred_Meta,logistic_regression,pca_off,smote_off,test_internal,0.7573770491803278,0.40137160698113755,0.5097435897435897,0.015332294698455495,0.052255968003999474,0.04998575114100494,0.0443078324225865,0.051417787995975316,0.24000000000000005,0.42778499272414877,0.611025641025641,0.044646769915044036,0.06599107630954813,0.014967734111328559,0.2296998169033771,0.431940946389355,0.16781298904538336,0.05009983625386032,182.4,102.20225046445894,51.6,102.20225046445894,7.6,4.277849927241488,2.4,4.277849927241488,,,,,,
2_ThrPred_Meta,svm,pca_off,smote_off,test_internal,0.5327868852459016,0.3194750338163014,0.497948717948718,0.07396459419965859,0.05069432628754662,0.047172755872854216,0.02697840906274012,0.025007308630759527,0.45999999999999996,0.4774934554525329,0.597008547008547,0.07716545385475182,0.05807633666583896,0.014183135524604908,0.04042806183961596,0.004827802245206828,0.14390866971312513,0.03032545788681064,125.4,82.63050284247338,108.6,82.63050284247338,5.4,4.774934554525329,4.6,4.774934554525329,,,,,,
4_RgbPred_ThrPred_Meta,logistic_regression,pca_off,smote_off,test_internal,0.8762295081967213,0.10272097659445281,0.5334188034188034,0.058151386512951056,0.05013082155939298,0.06867461530667081,0.030090497737556544,0.04122057704383754,0.16,0.23021728866442678,0.7117094017094017,0.0477425217380951,0.1092439428823552,0.037597453641531005,0.4029813875970367,0.5349216944508846,0.21195697023283225,0.0968572711959677,212.2,27.33495930123182,21.8,27.33495930123182,8.4,2.3021728866442674,1.6,2.3021728866442674,,,,,,
4_RgbPred_ThrPred_Meta,logistic_regression,pca_off,smote_on,test_internal,0.8696721311475409,0.11830001625418476,0.5395726495726496,0.0686463674465431,0.048910411622276016,0.06853626271648142,0.02846111417539986,0.03959925744102281,0.18,0.2683281572999748,0.7052136752136752,0.04911686282478003,0.11128332429808822,0.03717448566539983,0.4072498783405581,0.5295642201143577,0.2044466162773233,0.08798767285914617,210.4,31.508728949292767,23.6,31.508728949292767,8.2,2.6832815729997477,1.8,2.6832815729997477,,,,,,
2_ThrPred_Meta,logistic_regression,pca_off,smote_on,test_internal,0.7581967213114753,0.40129418089274876,0.5005982905982906,0.020460670889646777,0.03680066307501034,0.05125646494881141,0.030418943533697618,0.04847363817134044,0.22000000000000003,0.4381780460041329,0.5976923076923077,0.05727181359643446,0.06559108850343834,0.016357377982253694,0.21893679940231836,0.4369915989599399,0.14875420702986597,0.04090949396938289,182.8,102.27756352201591,51.2,102.27756352201591,7.8,4.381780460041329,2.2,4.381780460041329,,,,,,
4_RgbPred_ThrPred_Meta,random_forest,pca_on,smote_off,test_internal,0.771311475409836,0.37870937065609533,0.49786324786324787,0.01806787876633308,0.01659751037344398,0.03711316145227866,0.008658008658008639,0.019359895909089046,0.2,0.447213595499958,0.6328632478632479,0.06309995844406881,0.07537545459280552,0.025243338036881224,0.08199999999999996,0.03060501048303472,0.11363394006251144,0.04109443231718305,186.2,96.87466128973045,47.8,96.87466128973045,8.0,4.472135954999579,2.0,4.472135954999579,0.950135232881894,8.934113036051886e-05,0.9501083643833956,9.069603202876924e-05,,
2_ThrPred_Meta,random_forest,pca_off,smote_on,train,1.0,0.0,1.0,0.0,1.0,0.0,1.0,0.0,1.0,0.0,1.0,0.0,1.0,0.0,0.21533333333333332,0.06085501896584483,0.11601208992273662,0.030881596250351098,1056.8,2.949576240750509,0.0,0.0,0.0,0.0,45.6,2.880972058177588,,,,,,
5_RgbDet_ThrPred_Meta,random_forest,pca_on,smote_on,train,1.0,0.0,1.0,0.0,1.0,0.0,1.0,0.0,1.0,0.0,1.0,0.0,1.0,1.1102230246251565e-16,0.23066666666666666,0.03752036484068054,0.1326076951598014,0.07221204788780376,1056.8,2.949576240750509,0.0,0.0,0.0,0.0,45.6,2.880972058177588,,,0.9501083643833956,9.069603202876924e-05,0.9502636037627221,0.0002098152740289107
4_RgbPred_ThrPred_Meta,random_forest,pca_on,smote_on,train,0.9998185117967331,0.00040581995961883874,0.9999053926206244,0.00021154853145695257,0.9978021978021978,0.004914435115384135,0.9956521739130434,0.009722034684781718,1.0,0.0,1.0,0.0,1.0,0.0,0.2633333333333333,0.07199537022151728,0.14911642302946645,0.02865005061386967,1056.6,2.966479394838272,0.2,0.447213595499958,0.0,0.0,45.6,2.880972058177588,0.950135232881894,8.934113036051886e-05,0.9501083643833956,9.069603202876924e-05,,
3_RgbPred_Meta,random_forest,pca_off,smote_on,train,0.9992745408085192,0.001182117264283464,0.9996218387453881,0.0006161988797047801,0.991350584898972,0.014029247849527506,0.9831521739130433,0.027201073383135207,1.0,0.0,1.0,0.0,1.0,0.0,0.21599999999999997,0.0451786576948797,0.13428818126821757,0.04141763473301145,1056.0,2.9154759474226504,0.8,1.3038404810405297,0.0,0.0,45.6,2.880972058177588,,,,,,
2_ThrPred_Meta,random_forest,pca_on,smote_on,train,0.9990927235241948,0.0006416578016595612,0.9995270489617452,0.0003335441584592158,0.9890202993572895,0.00825336328420228,0.9783843770457473,0.016122117998385768,1.0,0.0,1.0,0.0,1.0,1.5700924586837752e-16,0.19666666666666663,0.03643868518179241,0.1135389503677777,0.03616847723448496,1055.8,2.8635642126552763,1.0,0.7071067811865476,0.0,0.0,45.6,2.880972058177588,,,0.9501083643833956,9.069603202876924e-05,,
4_RgbPred_ThrPred_Meta,random_forest,pca_off,smote_on,train,0.9989117289425146,0.0014896759035889352,0.9994319060689015,0.0007772111714087076,0.9874886664490624,0.01711893500231784,0.9757306052855925,0.03283306148357599,1.0,0.0,1.0,0.0,1.0,1.5700924586837752e-16,0.19266666666666662,0.03260879227038827,0.1395079792301004,0.06622014780199094,1055.6,3.6469165057621264,1.2,1.6431676725154984,0.0,0.0,45.6,2.880972058177588,,,,,,
3_RgbPred_Meta,random_forest,pca_on,smote_on,train,0.9970971759909041,0.003707470219340805,0.9984858322751456,0.0019327928936155013,0.9675930858391961,0.0414122268735334,0.9396681749622926,0.07628271297585368,1.0,0.0,1.0,0.0,1.0,1.1102230246251565e-16,0.20866666666666664,0.06833739825307956,0.1521305333178636,0.07214482696146678,1053.6,5.128352561983246,3.2,4.08656334834051,0.0,0.0,45.6,2.880972058177588,0.950135232881894,8.934113036051886e-05,,,,
5_RgbDet_ThrPred_Meta,random_forest,pca_on,smote_off,train,0.9960072595281307,0.00892803911161439,0.997918637653737,0.004654067692052494,0.9607142857142857,0.08784552768749172,0.9343283582089551,0.1468462552387922,1.0,0.0,1.0,0.0,1.0,1.1102230246251565e-16,0.0853333333333333,0.030239782480111263,0.1168932200566383,0.03832710165916911,1052.4,10.163660757817523,4.4,9.838699100999074,0.0,0.0,45.6,2.880972058177588,,,0.9501083643833956,9.069603202876924e-05,0.9502636037627221,0.0002098152740289107
5_RgbDet_ThrPred_Meta,random_forest,pca_off,smote_on,train,0.9965538631648055,0.003294655821781036,0.9982045134370857,0.001717230745473763,0.9601403508771928,0.03765159161964827,0.9253703703703703,0.0702227984817737,1.0,0.0,1.0,0.0,1.0,1.1102230246251565e-16,0.1973333333333333,0.052936020082947524,0.10840720349422525,0.02370023823269409,1053.0,2.915475947422626,3.8,3.63318042491699,0.0,0.0,45.6,2.880972058177588,,,,,,
2_ThrPred_Meta,random_forest,pca_on,smote_off,train,0.9963730331236539,0.005247326375158949,0.9981099075761793,0.0027353691777846525,0.959864581879101,0.05534738791361615,0.9269641415888389,0.0972462837583597,1.0,0.0,1.0,0.0,1.0,1.1102230246251565e-16,0.07133333333333332,0.028925190866555525,0.11107598978288631,0.019839828786898075,1052.8,5.357238094391527,4.0,5.787918451395113,0.0,0.0,45.6,2.880972058177588,,,0.9501083643833956,9.069603202876924e-05,,
4_RgbPred_ThrPred_Meta,random_forest,pca_on,smote_off,train,0.9874773139745916,0.02800157721369976,0.9934720908230842,0.01459684867052842,0.9132075471698112,0.19407382446224594,0.8789473684210526,0.270681913065764,1.0,0.0,1.0,0.0,1.0,1.1102230246251565e-16,0.08199999999999996,0.03060501048303472,0.11363394006251144,0.04109443231718305,1043.0,30.886890422961017,13.8,30.857738089497097,0.0,0.0,45.6,2.880972058177588,0.950135232881894,8.934113036051886e-05,0.9501083643833956,9.069603202876924e-05,,
2_ThrPred_Meta,random_forest,pca_off,smote_off,train,0.990384580577965,0.009060836934846078,0.9949843333464778,0.004723892701065559,0.9029763372512489,0.09177723729361766,0.8335634328358209,0.15619383040292192,1.0,0.0,1.0,0.0,1.0,0.0,0.0693333333333333,0.02553864174583729,0.12460948570475949,0.05872555203048085,1046.2,10.545141061171263,10.6,9.989994994993742,0.0,0.0,45.6,2.880972058177588,,,,,,
3_RgbPred_Meta,random_forest,pca_off,smote_off,train,0.987301584689833,0.008582037053721766,0.993379171754994,0.004474502585141363,0.8715909242618063,0.07932467764805667,0.7795192538083195,0.1266027881739073,1.0,0.0,1.0,0.0,1.0,0.0,0.07266666666666663,0.014023789311975064,0.1627543012135822,0.02583288266207658,1042.8,9.038805230781332,14.0,9.460443964212251,0.0,0.0,45.6,2.880972058177588,,,,,,
5_RgbDet_ThrPred_Meta,random_forest,pca_off,smote_off,train,0.9392030973109142,0.12785833433050695,0.9683895126411699,0.06645811488247015,0.8097735631515303,0.337226182403671,0.7629250322927478,0.3649163937194738,1.0,0.0,1.0,0.0,1.0,1.1102230246251565e-16,0.08466666666666663,0.038412960775701166,0.10194017625794456,0.01717286569363428,989.8,139.14991915197078,67.0,140.89889992473326,0.0,0.0,45.6,2.880972058177588,,,,,,
4_RgbPred_ThrPred_Meta,random_forest,pca_off,smote_off,train,0.9303100108103127,0.1477568588586028,0.9637688511430701,0.07680274247810172,0.8048661613949004,0.34799926564897826,0.7603095517586193,0.3739519713523454,1.0,0.0,1.0,0.0,1.0,1.1102230246251565e-16,0.07466666666666663,0.03708848278853635,0.17216759700244103,0.06350617865141535,980.0,161.0388151968338,76.8,162.82720902846674,0.0,0.0,45.6,2.880972058177588,,,,,,
4_RgbPred_ThrPred_Meta,xgboost,pca_off,smote_on,train,0.958823732667712,0.05680551475863418,0.9785232255720508,0.029630367210511908,0.7764157290914027,0.2985435224144825,0.7090332948764847,0.381858822814614,1.0,0.0,1.0,0.0,1.0000000000000002,1.5700924586837752e-16,0.21950460746884343,0.17287428104671007,0.14330085685679922,0.02534673254330129,1011.4,62.56836261242577,45.4,62.64024265597955,0.0,0.0,45.6,2.880972058177588,,,,,,
3_RgbPred_Meta,random_forest,pca_on,smote_off,train,0.9341289964837689,0.12040351268141798,0.9656577890433944,0.06276417354871862,0.7674259286023992,0.34276907317937727,0.7111859412817004,0.40153513501312116,1.0,0.0,1.0,0.0,1.0,0.0,0.06799999999999998,0.043627208635590393,0.16372898939796493,0.07457454862013055,984.2,132.57337590934313,72.6,132.68308106160333,0.0,0.0,45.6,2.880972058177588,0.950135232881894,8.934113036051886e-05,,,,
5_RgbDet_ThrPred_Meta,xgboost,pca_off,smote_on,train,0.9392531176316694,0.11331815039079547,0.968303535730031,0.05912422576490723,0.7666419862540484,0.30406684997178796,0.6866618888358019,0.33312608540920624,1.0,0.0,1.0,0.0,1.0,1.1102230246251565e-16,0.13453130349516865,0.07785753983971537,0.1259682232739782,0.029091503878648794,989.8,124.95879320800115,67.0,124.99199974398361,0.0,0.0,45.6,2.880972058177588,,,,,,
5_RgbDet_ThrPred_Meta,xgboost,pca_on,smote_off,train,0.9549909255898367,0.06115169534400369,0.976569687032762,0.03178339439199935,0.7475088099756031,0.28288198981745927,0.659847778813296,0.3521219451063894,1.0,0.0,1.0,0.0,1.0000000000000002,1.5700924586837752e-16,0.18135837763547893,0.15935136796287497,0.21106640892432846,0.07646730304132095,1007.2,65.90675230960785,49.6,67.38916826909202,0.0,0.0,45.6,2.880972058177588,,,0.9501083643833956,9.069603202876924e-05,0.9502636037627221,0.0002098152740289107
4_RgbPred_ThrPred_Meta,xgboost,pca_on,smote_off,train,0.8849382890746735,0.22112864360007983,0.9399970483871403,0.11526349302884939,0.7195152340473324,0.3510504879249797,0.6422324375294671,0.3709379780315599,1.0,0.0,1.0,0.0,1.0000000000000002,1.5700924586837752e-16,0.0937853138893842,0.07829742858378694,0.14162534579049008,0.04079780079567002,930.0,243.81960544632173,126.8,243.6825804196927,0.0,0.0,45.6,2.880972058177588,0.950135232881894,8.934113036051886e-05,0.9501083643833956,9.069603202876924e-05,,
3_RgbPred_Meta,xgboost,pca_off,smote_off,train,0.9125333811597803,0.13648251933697692,0.9542374568177496,0.0714997172062543,0.6816781562123178,0.3258134009775095,0.5919140755694932,0.3839165846362696,1.0,0.0,1.0,0.0,1.0,1.5700924586837752e-16,0.1987771719694137,0.17525728592366757,0.1902868459453825,0.06962985238796492,960.4,153.232829380652,96.4,150.40046542481176,0.0,0.0,45.6,2.880972058177588,,,,,,
2_ThrPred_Meta,xgboost,pca_on,smote_off,train,0.902001800073385,0.16511343036190113,0.9489127267796033,0.08606852321613488,0.6664358008540469,0.30647147111961137,0.5585270839342967,0.3269631936471191,1.0,0.0,1.0,0.0,1.0000000000000002,1.5700924586837752e-16,0.1167843639850616,0.07985742447982401,0.15852650642566607,0.055503804129650426,948.8,181.81501588152722,108.0,181.95191672527113,0.0,0.0,45.6,2.880972058177588,,,0.9501083643833956,9.069603202876924e-05,,
1_MetaOnly,random_forest,pca_off,smote_off,train,0.9000102015127857,0.1269138431279085,0.9478943016548044,0.06599826921800248,0.6312911663232094,0.3472172562991989,0.5413321330765696,0.39846094060519777,1.0,0.0,1.0,0.0,1.0,0.0,0.10733333333333331,0.11402728718259598,0.14939957176184843,0.06642553672787693,946.6,139.21673749948314,110.2,139.85420980435305,0.0,0.0,45.6,2.880972058177588,,,,,,
1_MetaOnly,random_forest,pca_off,smote_on,train,0.8971692447425188,0.13078458156600112,0.9463662887151857,0.06823970012775958,0.6214527225002364,0.3517583210632243,0.5343600730774815,0.41222409243592456,1.0,0.0,1.0,0.0,1.0,1.1102230246251565e-16,0.21399999999999997,0.17404341731622922,0.1434466377504352,0.03201118332629772,943.4,143.91942189989507,113.4,144.2542893643028,0.0,0.0,45.6,2.880972058177588,,,,,,
3_RgbPred_Meta,xgboost,pca_on,smote_off,train,0.8863952954572005,0.14196398180015316,0.9408190893980904,0.07396498124546018,0.6022454691684692,0.34156686044849993,0.501438611616434,0.3649576487485787,1.0,0.0,1.0,0.0,1.0000000000000002,1.5700924586837752e-16,0.11272192336618896,0.08397378718080958,0.16534176091024863,0.05593574448520725,931.6,155.48729851663126,125.2,156.4391255408953,0.0,0.0,45.6,2.880972058177588,0.950135232881894,8.934113036051886e-05,,,,
2_ThrPred_Meta,xgboost,pca_off,smote_on,train,0.8636281515681535,0.1497332333946978,0.9289041884748122,0.07810471790946262,0.5693346030937544,0.3787642870813608,0.48679903813660275,0.4217960029327706,1.0,0.0,1.0,0.0,1.0000000000000002,1.5700924586837752e-16,0.10726730264723297,0.09484542269742047,0.16033123402132562,0.0844407336870342,906.4,164.1304359343507,150.4,165.16446349018304,0.0,0.0,45.6,2.880972058177588,,,,,,
5_RgbDet_ThrPred_Meta,xgboost,pca_off,smote_off,train,0.7819424996668054,0.27444083541703324,0.8864182341162833,0.14287956154690892,0.5642772937285983,0.4084761799503993,0.48583767607022443,0.4112695692241301,1.0,0.0,1.0,0.0,1.0,1.5700924586837752e-16,0.08827669154852624,0.07286282469933926,0.14623837651112076,0.06935652624605756,816.4,301.11177326700465,240.4,302.5628860253683,0.0,0.0,45.6,2.880972058177588,,,,,,
2_ThrPred_Meta,logistic_regression,pca_off,smote_on,train,0.7900258822251802,0.42086465805881595,0.7950804162724692,0.26953669780051315,0.5390014241078072,0.48060992340293945,0.49402601330913487,0.4806047139632065,0.8,0.4472135954999579,1.0,0.0,1.0000000000000002,1.5700924586837752e-16,0.21893679940231836,0.4369915989599399,0.14875420702986597,0.04090949396938289,834.4,466.91144770716426,222.4,468.72038573119477,9.0,20.12461179749811,36.6,20.659138413786767,,,,,,
5_RgbDet_ThrPred_Meta,xgboost,pca_on,smote_on,train,0.8368768233147348,0.21701031393108358,0.9147233100609853,0.11370294874894134,0.5287951038463697,0.3169172938188131,0.4141740615729429,0.32112782130735457,1.0,0.0,1.0,0.0,1.0000000000000002,1.5700924586837752e-16,0.11901348792016504,0.08480752466141024,0.17811608977253143,0.09411687996515561,877.0,241.56779586691601,179.8,239.1415898583933,0.0,0.0,45.6,2.880972058177588,,,0.9501083643833956,9.069603202876924e-05,0.9502636037627221,0.0002098152740289107
4_RgbPred_ThrPred_Meta,logistic_regression,pca_off,smote_off,train,0.9018222863564638,0.138673761896554,0.8530153853901744,0.2095002682582559,0.5258544736442351,0.4589320067562783,0.47694994492060505,0.48738411605861204,0.8,0.4472135954999579,1.0,0.0,1.0000000000000002,1.5700924586837752e-16,0.4029813875970367,0.5349216944508846,0.21195697023283225,0.0968572711959677,957.6,159.58790681000863,99.2,158.67955129757584,9.0,20.12461179749811,36.6,20.659138413786767,,,,,,
2_ThrPred_Meta,xgboost,pca_on,smote_on,train,0.8597152132527522,0.13480673520508882,0.9268474938061877,0.07025713358929307,0.5182219871532867,0.3330417854846207,0.4146460106919932,0.3645820429974542,1.0,0.0,1.0,0.0,1.0000000000000002,1.5700924586837752e-16,0.1345892712473869,0.1212687447586477,0.13570850202429147,0.033316336971690196,902.2,148.70507725024052,154.6,148.5506647578529,0.0,0.0,45.6,2.880972058177588,,,0.9501083643833956,9.069603202876924e-05,,
4_RgbPred_ThrPred_Meta,logistic_regression,pca_off,smote_on,train,0.8834919778265183,0.14677560846627938,0.8434114773499861,0.20550563748329498,0.4990919857876036,0.46946241952808965,0.4568708183221822,0.49965048366592135,0.8,0.4472135954999579,1.0,0.0,1.0000000000000002,1.5700924586837752e-16,0.4072498783405581,0.5295642201143577,0.2044466162773233,0.08798767285914617,937.4,170.2668493864851,119.4,168.64696854672485,9.0,20.12461179749811,36.6,20.659138413786767,,,,,,
5_RgbDet_ThrPred_Meta,svm,pca_on,smote_on,train,0.7296135107519008,0.39615648455567326,0.8570971551122047,0.204113409313003,0.489733787407737,0.3624189204141879,0.39911651491598193,0.38093035131467046,0.9955555555555555,0.009938079899999114,0.9995158831668928,0.0005296291151807218,0.975092180579141,0.03388370399858388,0.18167601312079415,0.3518215695738194,0.1301075376654217,0.04583126023532209,759.0,435.33320571718394,297.8,436.7181012964771,0.2,0.447213595499958,45.4,2.966479394838265,,,0.9501083643833956,9.069603202876924e-05,0.9502636037627221,0.0002098152740289107
2_ThrPred_Meta,logistic_regression,pca_off,smote_off,train,0.773692273012227,0.4142797855409877,0.7865657521286661,0.262913507271255,0.485299349773034,0.47487738404969687,0.44080283240605755,0.48393814050239786,0.8,0.4472135954999579,1.0,0.0,1.0000000000000002,1.5700924586837752e-16,0.2296998169033771,0.431940946389355,0.16781298904538336,0.05009983625386032,816.4,460.1340022210921,240.4,461.9792203119097,9.0,20.12461179749811,36.6,20.659138413786767,,,,,,
3_RgbPred_Meta,xgboost,pca_off,smote_on,train,0.791208764086726,0.2217309133120441,0.8909044212369579,0.11591112233794094,0.47808743964464934,0.34763163328159846,0.3813472884048105,0.37416998306279714,1.0,0.0,1.0,0.0,1.0000000000000002,1.5700924586837752e-16,0.11473309360444542,0.11064385582888814,0.1373923252567646,0.06445601759727006,826.6,246.5497921313259,230.2,244.47433403120255,0.0,0.0,45.6,2.880972058177588,,,,,,
2_ThrPred_Meta,xgboost,pca_off,smote_off,train,0.6658728134620479,0.3871406565118455,0.825683694753278,0.2019710979642913,0.47021993743786217,0.43561350367404345,0.4090115176948249,0.4470609630222013,1.0,0.0,1.0,0.0,1.0,1.1102230246251565e-16,0.1040644291322678,0.11623974369915797,0.1584222633879384,0.06239485678441479,688.4,427.1174311591602,368.4,427.0062060438934,0.0,0.0,45.6,2.880972058177588,,,,,,
3_RgbPred_Meta,svm,pca_on,smote_off,train,0.8171543373706095,0.18996245677942702,0.8754191682849877,0.07872430985427788,0.44611209426169723,0.27216989741045605,0.3626228718750547,0.3232952444482101,0.9386666666666666,0.10396580634462894,0.9861000389888502,0.006082828325560175,0.752275052577106,0.1055661271244206,0.06108697658294726,0.02801422191126768,0.21978498255093998,0.1010130111084487,858.2,212.085360173681,198.6,212.70707557577865,3.0,5.196152422706632,42.6,3.1304951684997055,0.950135232881894,8.934113036051886e-05,,,,
4_RgbPred_ThrPred_Meta,xgboost,pca_on,smote_on,train,0.8170852303485134,0.15043378952522762,0.9045251377177557,0.07858780381211931,0.4124657377669646,0.24472909654911343,0.2875683867843742,0.22670309306793635,1.0,0.0,1.0,0.0,1.0000000000000002,1.5700924586837752e-16,0.06816344186663623,0.0388757030915847,0.18087989106492047,0.07688621347193486,855.2,167.3251326011726,201.6,165.75976592647567,0.0,0.0,45.6,2.880972058177588,0.950135232881894,8.934113036051886e-05,0.9501083643833956,9.069603202876924e-05,,
5_RgbDet_ThrPred_Meta,logistic_regression,pca_on,smote_off,train,0.7070854442512007,0.41441636757480915,0.7518318999468084,0.2467029700143036,0.403508589167085,0.4571171177516221,0.3544945740475124,0.44777051246363064,0.8,0.4472135954999579,1.0,0.0,1.0000000000000002,1.5700924586837752e-16,0.2864907964222997,0.42215052634068573,0.1503439153439153,0.05169670261028816,743.0,462.1109174213481,313.8,463.9102283847598,9.0,20.12461179749811,36.6,20.659138413786767,,,0.9501083643833956,9.069603202876924e-05,0.9502636037627221,0.0002098152740289107
3_RgbPred_Meta,xgboost,pca_on,smote_on,train,0.7110895380195572,0.3295935210458747,0.8490177388144453,0.1726563170341091,0.3916404761367987,0.28797871019855653,0.28035061409553674,0.2598741311036899,1.0,0.0,1.0,0.0,1.0000000000000002,1.5700924586837752e-16,0.08464720528572796,0.0690130677629705,0.18233319475555496,0.0772301764902128,738.4,365.7879166949067,318.4,363.19526428630644,0.0,0.0,45.6,2.880972058177588,0.950135232881894,8.934113036051886e-05,,,,
4_RgbPred_ThrPred_Meta,xgboost,pca_off,smote_off,train,0.8113003144369506,0.11991488358687107,0.9015571492366508,0.06257113884500527,0.3671346807522424,0.17849827254881456,0.23710084790672412,0.1402966929645727,1.0,0.0,1.0,0.0,1.0,1.5700924586837752e-16,0.04534432254731654,0.025288112723612942,0.16102113686576264,0.07611619772551446,848.8,132.83711830659382,208.0,132.1381852455981,0.0,0.0,45.6,2.880972058177588,,,,,,
3_RgbPred_Meta,svm,pca_on,smote_on,train,0.7758355779403804,0.3423046694125552,0.7871738659164472,0.22020012869976896,0.36641403713783427,0.2895062459267153,0.33607989847857195,0.22439582203076855,0.7986666666666666,0.41333811227822725,0.9927705089594484,0.0028566536401370083,0.790866894890988,0.10784208691106935,0.27072117846912735,0.41574596296483407,0.18336066640635165,0.09967087110173499,819.6,384.09412908817023,237.2,384.5642989150189,10.0,20.700241544484452,35.6,18.283872675120005,0.950135232881894,8.934113036051886e-05,,,,
5_RgbDet_ThrPred_Meta,logistic_regression,pca_off,smote_off,train,0.7219674769190773,0.38882829191706636,0.759521281841417,0.23897348896138018,0.3386784511784512,0.39672915795735153,0.28145271304880426,0.41117803220821286,0.8,0.4472135954999579,1.0,0.0,1.0000000000000002,1.5700924586837752e-16,0.3942533225705516,0.5365720472177323,0.18116360247139998,0.03716959075731499,759.4,434.2882683195575,297.4,435.7565834270321,9.0,20.12461179749811,36.6,20.659138413786767,,,,,,
5_RgbDet_ThrPred_Meta,svm,pca_on,smote_off,train,0.7527029895368678,0.18299916826758353,0.8710917580765691,0.09510130632640725,0.32708955679466967,0.19521600978622347,0.2101132486881506,0.15695953095888865,1.0,0.0,0.9989563834271513,0.0005957499268075257,0.9355254102066418,0.036087444897656626,0.0521814150918655,0.021031750799187197,0.1326997163925127,0.03381232607212223,784.2,200.73539797454757,272.6,201.64523302076844,0.0,0.0,45.6,2.880972058177588,,,0.9501083643833956,9.069603202876924e-05,0.9502636037627221,0.0002098152740289107
3_RgbPred_Meta,svm,pca_off,smote_off,train,0.8095240994285507,0.07922796953833938,0.9006486950000495,0.04134809622822675,0.31819688241900534,0.06932144357699349,0.19075706566154454,0.04724351236557592,1.0,0.0,0.998478060240175,0.0014420801335804294,0.9242127320741513,0.06722739164737293,0.048036514649482956,0.007612356673271619,0.1903766223057768,0.12133943872179158,846.8,87.30234819293236,210.0,87.43569065318808,0.0,0.0,45.6,2.880972058177588,,,,,,
4_RgbPred_ThrPred_Meta,svm,pca_on,smote_off,train,0.7755542136361318,0.12389518576897743,0.8829141695308769,0.06464778518496518,0.3134072740469054,0.14041621138198282,0.19273138114026747,0.10387897640688463,1.0,0.0,0.9992522395406389,0.0004277263457777593,0.9790773398810234,0.023441289531409063,0.04948723937441292,0.013415330569816109,0.20555173321302353,0.12472866760598816,809.4,137.22171839763558,247.4,136.51117170400377,0.0,0.0,45.6,2.880972058177588,0.950135232881894,8.934113036051886e-05,0.9501083643833956,9.069603202876924e-05,,
2_ThrPred_Meta,svm,pca_on,smote_off,train,0.6359911016482025,0.25954457835223393,0.7995671107507448,0.11806891050766379,0.3103176509659616,0.316988063791791,0.2454861360299466,0.3399630701412074,0.9777777777777779,0.04969039949999535,0.9941567005737356,0.0022292051037997897,0.9260431221762173,0.037527011305515785,0.04660360016221706,0.017146837858468628,0.1391723508250746,0.027356482883754963,656.6,287.4774773786635,400.2,287.70071254691044,1.0,2.23606797749979,44.6,3.84707681233427,,,0.9501083643833956,9.069603202876924e-05,,
4_RgbPred_ThrPred_Meta,svm,pca_on,smote_on,train,0.544518085472223,0.46076323214584364,0.7623640577802497,0.2404346271901125,0.2891632803981786,0.20904384130589798,0.18334171913588498,0.1469785591410072,1.0,0.0,0.9999379205365276,0.00012663144136992272,0.9984103714105002,0.0032538300541835622,2.0195243367897922e-05,2.7217326637644816e-05,0.16751052123632718,0.13548781646492922,554.8,508.40013768684213,502.0,507.7130094846891,0.0,0.0,45.6,2.880972058177588,0.950135232881894,8.934113036051886e-05,0.9501083643833956,9.069603202876924e-05,,
1_MetaOnly,xgboost,pca_off,smote_on,train,0.7917797197216633,0.2509289518212882,0.7162777594373173,0.07030401997403359,0.2847660386881702,0.1065756500186213,0.23163940791881038,0.13281166849730083,0.6336507936507936,0.27133898085163594,0.9029487207384708,0.01714983543247329,0.30682504568781505,0.05954322931268076,0.43307004272937777,0.25913482248262965,0.1533257463951656,0.05137534848037358,844.2,287.3938064746699,212.6,287.7591006380163,17.0,13.397761006974262,28.6,12.054044964243332,,,,,,
5_RgbDet_ThrPred_Meta,logistic_regression,pca_off,smote_on,train,0.7105406308154792,0.383058749789937,0.7535691107279637,0.2333990233241908,0.2759850649503859,0.2740473455621284,0.18655850167536517,0.20973922491561395,0.8,0.4472135954999579,1.0,0.0,1.0000000000000002,1.5700924586837752e-16,0.20273473310035736,0.4456979780510289,0.17874103819844184,0.03248312156850718,746.8,428.28109927943353,310.0,429.8296174067115,9.0,20.12461179749811,36.6,20.659138413786767,,,,,,
5_RgbDet_ThrPred_Meta,logistic_regression,pca_on,smote_on,train,0.5664320867194403,0.41806648575901445,0.6781669272176112,0.21034499019487402,0.26787509031842827,0.41315859232921825,0.23616261730402224,0.4280900389045821,0.8,0.4472135954999579,1.0,0.0,1.0000000000000002,1.5700924586837752e-16,0.2469621389449781,0.433065531274642,0.14794459909956353,0.04920131477840702,588.0,471.76000254366625,468.8,471.57947368391683,9.0,20.12461179749811,36.6,20.659138413786767,,,0.9501083643833956,9.069603202876924e-05,0.9502636037627221,0.0002098152740289107
1_MetaOnly,xgboost,pca_off,smote_off,train,0.8613555177843631,0.17267537412645176,0.7340807341846335,0.21476319628556492,0.26516621006536556,0.2859275392608766,0.5789277462717917,0.4274895238622577,0.5958454106280193,0.5243203727227447,0.9872520348797391,0.00555754352375001,0.784742457274601,0.07651946727604479,0.6396853595972061,0.33132871834019123,0.14583317410600338,0.058710022762205896,922.2,206.45023613452224,134.6,204.27995496377028,18.2,23.583892808440257,27.4,24.296090220444935,,,,,,
4_RgbPred_ThrPred_Meta,svm,pca_off,smote_off,train,0.7661415081455789,0.01971232077829282,0.8780190238117174,0.010373424022981447,0.26189840451704344,0.01797190439192102,0.1507785617810429,0.011828374179501167,1.0,0.0,1.0,0.0,1.0000000000000002,1.5700924586837752e-16,0.040893974735845676,0.0035642129805583626,0.19167756330427563,0.12194277712905532,799.0,22.869193252058547,257.8,21.649480363278933,0.0,0.0,45.6,2.880972058177588,,,,,,
3_RgbPred_Meta,logistic_regression,pca_on,smote_off,train,0.6867247055958589,0.393403834618834,0.6496342998359742,0.20387368940204692,0.2523104596190898,0.4061122833024176,0.612203650008528,0.5106119900991145,0.6084444444444445,0.536160101388557,0.9996566958877509,0.0002977926606538389,0.9874285557715694,0.014898658669065007,0.5627899813508944,0.5193069649780002,0.17922669922669918,0.07105654578582007,730.0,450.05999600053326,326.8,450.235160777121,18.6,25.530374066981473,27.0,23.78024390118823,0.950135232881894,8.934113036051886e-05,,,,
5_RgbDet_ThrPred_Meta,svm,pca_off,smote_off,train,0.7460165560680079,0.05322190256186875,0.8675341938422243,0.027699005044280984,0.25184396096945966,0.05053372151748318,0.14484891382312948,0.03400742673084019,1.0,0.0,1.0,0.0,1.0000000000000002,1.5700924586837752e-16,0.040222674389422904,0.009048400698110139,0.14030001833852923,0.03934838342080143,776.8,58.28121481232182,280.0,58.706899083497845,0.0,0.0,45.6,2.880972058177588,,,,,,
3_RgbPred_Meta,svm,pca_off,smote_on,train,0.5630571959332162,0.3466482186155763,0.7722455535506734,0.180790378686034,0.24428862252919425,0.1864261887325304,0.1503432845850981,0.13217712281375557,1.0,0.0,0.9999702790025168,5.477212941100122e-05,0.9993332095224339,0.001205538825111959,8.850856620269726e-05,0.00012719153514110167,0.16892029392029387,0.1274977695593607,575.0,380.94290910843847,481.8,382.38423084640925,0.0,0.0,45.6,2.880972058177588,,,,,,
3_RgbPred_Meta,logistic_regression,pca_on,smote_on,train,0.6918124632868945,0.34144801085261006,0.6719854923428829,0.15893345644570894,0.21232268134404747,0.13388518270519345,0.4737359417883207,0.4868382677577992,0.6502857142857142,0.4804020425112487,0.9999957952275832,9.402156953716363e-06,0.9999033816425122,0.00021604521521733077,0.406931732905684,0.5408910458983064,0.1775951518122902,0.07609765677321717,733.0,392.44744871128927,323.8,392.72789562240166,16.0,21.920310216782973,29.6,21.651789764358973,0.950135232881894,8.934113036051886e-05,,,,
2_ThrPred_Meta,svm,pca_off,smote_off,train,0.6044516440066935,0.2329167974644079,0.7937486329592988,0.1213390857137633,0.19930013402326585,0.07350083650786586,0.11214784362505086,0.04500513002988231,1.0,0.0,0.9997064091767441,0.00033681918989112027,0.9947902603884972,0.00506757780055799,0.04042806183961596,0.004827802245206828,0.14390866971312513,0.03032545788681064,620.8,256.2678286480767,436.0,256.60767720393716,0.0,0.0,45.6,2.880972058177588,,,,,,
1_MetaOnly,svm,pca_off,smote_on,train,0.8510865433819331,0.1666168171513053,0.6592427223164601,0.14939912447954598,0.18624354652208314,0.11757830453645392,0.17569088533815694,0.05807182508762794,0.4497777777777777,0.4384107099710088,0.9108756762838859,0.012070816732068551,0.22402685898569158,0.014975324958227058,0.6241141077944945,0.38694975167038465,0.16198409114260387,0.057197107942819306,918.0,200.04624465358003,138.8,200.35892792685829,25.4,20.305171754998774,20.2,19.40876090841453,,,,,,
1_MetaOnly,svm,pca_off,smote_off,train,0.6549808886175799,0.22281828280086094,0.7271382059417955,0.12725357175061797,0.1775846397803184,0.0980323645705644,0.11057384237840442,0.06146312930592804,0.8049523809523809,0.38511440712593925,0.9087275943502797,0.007937026358892745,0.20328236723042817,0.020306988084611063,0.04829612955744218,0.022750406780676666,0.14465941470655444,0.0341489289784816,686.0,258.79818391943945,370.8,259.8320611471956,9.6,19.308029417835474,36.0,17.073371078963874,,,,,,
2_ThrPred_Meta,svm,pca_on,smote_on,train,0.38946364723826943,0.3342510762091604,0.6816388807626124,0.17403593671902184,0.1635584573016315,0.12311036981261908,0.09330549570757696,0.07916191785687413,1.0,0.0,0.9995379940224988,0.0003539940228879465,0.9901572122532605,0.00739867079205274,3.59336677966828e-05,6.69755583423516e-05,0.13229757535679373,0.029469987767801648,383.8,368.0029891182951,673.0,368.4128119379129,0.0,0.0,45.6,2.880972058177588,,,0.9501083643833956,9.069603202876924e-05,,
3_RgbPred_Meta,logistic_regression,pca_off,smote_on,train,0.70822258384574,0.39297927652024134,0.6565153008210632,0.21972588855398884,0.16216050770108256,0.22603860168352086,0.10353663127660137,0.15593558967079357,0.6,0.5477225575051661,1.0,0.0,1.0000000000000002,1.5700924586837752e-16,0.40270571772385627,0.545273637778268,0.1664176410321223,0.08072913186267504,753.4,448.1972779926268,303.4,448.5730709706056,18.4,25.353500744473138,27.2,24.833445189904683,,,,,,
3_RgbPred_Meta,logistic_regression,pca_off,smote_off,train,0.7013289938511205,0.3881108154439737,0.6529226347708051,0.2133670430635769,0.14861494100341427,0.2012581802593949,0.09183537159782396,0.13326505940324668,0.6,0.5477225575051661,1.0,0.0,1.0000000000000002,1.5700924586837752e-16,0.4039751192226803,0.5441367869020795,0.1686234175764742,0.0798432048472349,745.8,443.383242804687,311.0,443.78260443600084,18.4,25.353500744473138,27.2,24.833445189904683,,,,,,
5_RgbDet_ThrPred_Meta,svm,pca_off,smote_on,train,0.29675575439364343,0.36646090946674875,0.6332071901608326,0.19115917913387045,0.14419511388872155,0.11105895383476662,0.08102457991533034,0.06948054238429482,1.0,0.0,1.0,0.0,1.0,0.0,5.074853507850833e-07,7.976588839414378e-07,0.09522579405697772,0.02985526399329814,281.6,404.1105046890021,775.2,403.94702622992537,0.0,0.0,45.6,2.880972058177588,,,,,,
1_MetaOnly,logistic_regression,pca_off,smote_off,train,0.7313104172254189,0.1727319121815084,0.6187813246485229,0.07678851894540493,0.11217245942991601,0.06447432497437024,0.06508381282210936,0.03864923462318529,0.4957543133195307,0.34018418534019557,0.7423750608317714,0.023100367689823435,0.08863388303210676,0.01154457045676135,0.5863661661233712,0.18373269822160096,0.1823691725565788,0.11713770577370716,783.8,205.09314956867772,273.0,206.00121358865826,23.2,15.801898620102586,22.4,15.043270920913443,,,,,,
1_MetaOnly,logistic_regression,pca_off,smote_on,train,0.7525555612230627,0.17953878231038506,0.608211657207599,0.0826320105733391,0.10879038768330962,0.061282683507322265,0.06515294558576146,0.03742976294098624,0.4506390614216701,0.36081801873191666,0.7394878821836061,0.02258972175503547,0.08856488832128198,0.009789871959721756,0.5987578944441097,0.2241112852992346,0.17475652336411826,0.08471813764164113,809.2,214.08456273164583,247.6,214.5677049324991,25.2,16.976454282328802,20.4,16.379865689315036,,,,,,
2_ThrPred_Meta,logistic_regression,pca_on,smote_off,train,0.464308526654743,0.39070620511743853,0.6248190588903958,0.1598782084297651,0.10554259163420576,0.08131841508451834,0.057280444253937426,0.04573110021166914,0.8,0.4472135954999579,1.0,0.0,1.0000000000000002,1.5700924586837752e-16,0.2002091960191777,0.4470968573404689,0.15720685111989458,0.04283390634066233,475.4,445.63134988463275,581.4,444.9795500919115,9.0,20.12461179749811,36.6,20.659138413786767,,,0.9501083643833956,9.069603202876924e-05,,
2_ThrPred_Meta,logistic_regression,pca_on,smote_on,train,0.4601323234932613,0.39142556897998115,0.6226428214080231,0.15872120899316514,0.10526793144050087,0.08274294861605976,0.05719018400171525,0.046752366987367844,0.8,0.4472135954999579,1.0,0.0,1.0000000000000002,1.5700924586837752e-16,0.200086737427532,0.44716514655703116,0.16125335854454342,0.04507433072803954,470.8,446.51114207822405,586.0,445.8615255883827,9.0,20.12461179749811,36.6,20.659138413786767,,,0.9501083643833956,9.069603202876924e-05,,
4_RgbPred_ThrPred_Meta,logistic_regression,pca_on,smote_on,train,0.5060700646479738,0.32422799554067305,0.6465242152199443,0.13393678132866416,0.10463219799012347,0.06915097190454131,0.056310240843133366,0.03791109104611004,0.8,0.4472135954999579,1.0,0.0,1.0000000000000002,1.5700924586837752e-16,0.2000288865077236,0.44719744896332264,0.22408263515301172,0.09982460460263266,521.4,374.41127119786336,535.4,373.19472129171385,9.0,20.12461179749811,36.6,20.659138413786767,0.950135232881894,8.934113036051886e-05,0.9501083643833956,9.069603202876924e-05,,
4_RgbPred_ThrPred_Meta,logistic_regression,pca_on,smote_off,train,0.4991720320590766,0.3313160318383926,0.6429441495425092,0.13535695985671964,0.10399643678052646,0.06961428139357338,0.05597203873120712,0.03820389799945285,0.8,0.4472135954999579,1.0,0.0,1.0000000000000002,1.5700924586837752e-16,0.20006737297316723,0.44717594078984546,0.22393293605042897,0.09808542742309333,513.8,381.9773553497642,543.0,380.9002494092121,9.0,20.12461179749811,36.6,20.659138413786767,0.950135232881894,8.934113036051886e-05,0.9501083643833956,9.069603202876924e-05,,
4_RgbPred_ThrPred_Meta,svm,pca_off,smote_on,train,0.20884619244989328,0.17272943199001942,0.5873535743363116,0.09002854162845923,0.09875634336564694,0.026271351991924992,0.05210624443158668,0.014765683463643303,1.0,0.0,1.0,0.0,1.0,0.0,2.9878761211466607e-06,5.734784458487417e-06,0.1704170697030635,0.10298556498275936,184.6,190.32156998091415,872.2,190.5510430304699,0.0,0.0,45.6,2.880972058177588,,,,,,
2_ThrPred_Meta,svm,pca_off,smote_on,train,0.08909573461587188,0.10646636258582066,0.5248817407757805,0.05563726377317359,0.08410178440766916,0.01099602483087176,0.0439244240287716,0.006018274075577417,1.0,0.0,1.0,0.0,1.0,0.0,1.0390739220139189e-07,8.737172334090707e-09,0.0907909177789737,0.03394061497346071,52.6,117.61717561648894,1004.2,117.54233279971945,0.0,0.0,45.6,2.880972058177588,,,,,,
4_RgbPred_ThrPred_Meta,logistic_regression,pca_on,smote_on,val,0.8555335968379447,0.11107854364305467,0.6447923525974856,0.05767675312605921,0.22408263515301172,0.09982460460263266,0.25994272485380554,0.280494991938256,0.41337662337662334,0.17474989959269582,0.6349421820781329,0.13419973578753464,0.12677652974332268,0.08441786821401284,0.2000288865077236,0.44719744896332264,0.22408263515301172,0.09982460460263266,231.4,31.824518849465736,32.8,32.68332908380051,7.0,3.5355339059327378,4.4,1.5165750888103102,0.950135232881894,8.934113036051886e-05,0.9501083643833956,9.069603202876924e-05,,
4_RgbPred_ThrPred_Meta,logistic_regression,pca_on,smote_off,val,0.8577180500658761,0.10497906868922885,0.6459287162338492,0.0562640114908684,0.22393293605042897,0.09808542742309333,0.2595406117539237,0.28036094832892383,0.41337662337662334,0.17474989959269582,0.6378943731506115,0.1312966480946497,0.12426503723930685,0.07435895617006716,0.20006737297316723,0.44717594078984546,0.22393293605042897,0.09808542742309333,232.0,30.157917700000446,32.2,31.06766808114185,7.0,3.5355339059327378,4.4,1.5165750888103102,0.950135232881894,8.934113036051886e-05,0.9501083643833956,9.069603202876924e-05,,
3_RgbPred_Meta,svm,pca_on,smote_off,val,0.8460000000000001,0.16879211011167727,0.6276333744123874,0.03658600697432441,0.21978498255093998,0.10101301110844868,0.18611721611721607,0.11130080481113071,0.38926406926406926,0.2000924267795054,0.5938614655835305,0.06921089683443095,0.1194155377963991,0.10629868460436964,0.06108697658294726,0.02801422191126768,0.21978498255093998,0.1010130111084487,228.8,48.69496893930624,35.4,48.60349781651522,7.0,3.1622776601683795,4.4,2.3021728866442674,0.950135232881894,8.934113036051886e-05,,,,
4_RgbPred_ThrPred_Meta,logistic_regression,pca_off,smote_off,val,0.8867984189723319,0.07235072569766511,0.6191520082361878,0.06120352494749411,0.21195697023283228,0.09685727119596767,0.2411155757775881,0.18015652201628035,0.32549783549783545,0.16774643204414452,0.6314458190565602,0.10341706393994585,0.12864266331130958,0.07623957965282133,0.4029813875970367,0.5349216944508846,0.21195697023283225,0.0968572711959677,241.0,20.18662923818635,23.2,22.565460332109335,8.0,3.3911649915626345,3.4,1.1401754250991378,,,,,,
5_RgbDet_ThrPred_Meta,xgboost,pca_on,smote_off,val,0.8483820816864295,0.10494722046960289,0.6306406836665206,0.06266980212399742,0.21106640892432846,0.07646730304132095,0.19303656597774244,0.1331502073419603,0.3944155844155844,0.1788433191821871,0.6005387689770758,0.07359960531326347,0.09586195019025609,0.03311551504884776,0.18135837763547893,0.15935136796287497,0.21106640892432846,0.07646730304132095,229.2,31.05962008782464,35.0,29.025850547399987,6.8,2.387467277262665,4.6,2.5099800796022267,,,0.9501083643833956,9.069603202876924e-05,0.9502636037627221,0.0002098152740289107
4_RgbPred_ThrPred_Meta,svm,pca_on,smote_off,val,0.8178735177865611,0.1596885268260442,0.6184122772043961,0.06959271637770459,0.20555173321302353,0.12472866760598816,0.2891450980392157,0.40093027387060615,0.3982251082251082,0.1950539777455613,0.5884093204698402,0.10818658588255069,0.12642324228682295,0.12085109280562008,0.04948723937441292,0.013415330569816109,0.20555173321302353,0.12472866760598816,221.2,44.41508752665022,43.0,46.968074263269514,7.2,3.7013511046643495,4.2,1.6431676725154982,0.950135232881894,8.934113036051886e-05,0.9501083643833956,9.069603202876924e-05,,
4_RgbPred_ThrPred_Meta,logistic_regression,pca_off,smote_on,val,0.8839051383399209,0.07332992973202145,0.6176635791305098,0.05717429961045523,0.2044466162773233,0.08798767285914617,0.21508025929927457,0.14328466775589957,0.32549783549783545,0.16774643204414452,0.6339146355054961,0.1061575083542542,0.1294288506867301,0.07779239519137775,0.4072498783405581,0.5295642201143577,0.2044466162773233,0.08798767285914617,240.2,20.48658097389606,24.0,23.03258561256204,8.0,3.3911649915626345,3.4,1.1401754250991378,,,,,,
4_RgbPred_ThrPred_Meta,svm,pca_off,smote_off,val,0.877227931488801,0.08392525362281032,0.599220183508629,0.050140128118818544,0.19167756330427563,0.12194277712905532,0.20416893017646273,0.18860453921672757,0.29614718614718616,0.1508343082646977,0.5842010416824772,0.06870209701404091,0.12064422810933592,0.12400701855837161,0.040893974735845676,0.0035642129805583626,0.19167756330427563,0.12194277712905532,238.4,24.88573888796553,25.8,24.539763650043575,8.0,2.9154759474226504,3.4,1.816590212458495,,,,,,
3_RgbPred_Meta,svm,pca_off,smote_off,val,0.7960790513833993,0.16446104205510056,0.5958080211162443,0.03381297536643305,0.1903766223057768,0.12133943872179158,0.2078015290997035,0.232768763214288,0.3751948051948052,0.13602269616613155,0.5885333520324286,0.12642456302647873,0.11902643371415145,0.12331939900349467,0.048036514649482956,0.007612356673271619,0.1903766223057768,0.12133943872179158,215.4,45.801746691583716,48.8,47.87170354186281,7.4,3.0495901363953815,4.0,0.7071067811865476,,,,,,
3_RgbPred_Meta,xgboost,pca_off,smote_off,val,0.8411989459815548,0.21547995258160554,0.6138186044538976,0.06603179393742416,0.1902868459453825,0.06962985238796492,0.3592377102727421,0.37291119815278134,0.3612121212121212,0.3645043302832286,0.6381477721603745,0.05044234090644609,0.12770649771888126,0.06049755775047821,0.1987771719694137,0.17525728592366757,0.1902868459453825,0.06962985238796492,228.4,61.35796606798501,35.8,64.02499511909392,8.0,4.743416490252569,3.4,2.1908902300206643,,,,,,
3_RgbPred_Meta,svm,pca_on,smote_on,val,0.8023899868247695,0.24927849935492488,0.601148304941847,0.054886603735284166,0.18336066640635168,0.09967087110173502,0.23445208487653307,0.25941913831461916,0.38190476190476186,0.35396042414288414,0.5790458728055625,0.08786679101212466,0.1089379580491537,0.0829550314732492,0.27072117846912735,0.41574596296483407,0.18336066640635165,0.09967087110173499,216.8,72.58236700466581,47.4,72.29315320277571,7.0,4.358898943540674,4.4,3.9115214431215892,0.950135232881894,8.934113036051886e-05,,,,
1_MetaOnly,logistic_regression,pca_off,smote_off,val,0.7365902503293807,0.17455094175178915,0.6347856088178281,0.059997686354928914,0.1823691725565788,0.11713770577370716,0.21124177519569892,0.3024009764759195,0.5259307359307359,0.26979329542439473,0.6226637414584185,0.09977632975061608,0.09559480386911849,0.08104598112543476,0.5863661661233712,0.18373269822160096,0.1823691725565788,0.11713770577370716,196.6,51.5150463457037,67.6,50.629043048432194,5.0,2.7386127875258306,6.4,4.39317652729776,,,,,,
3_RgbPred_Meta,xgboost,pca_on,smote_on,val,0.7114703557312253,0.36639111519110984,0.6115272997780066,0.06361684309093886,0.18233319475555496,0.07723017649021278,0.13375138638296527,0.06866434730460923,0.49787878787878787,0.30217606869537944,0.6184126815777936,0.1693915980482816,0.10237746557707497,0.05105640948060928,0.08464720528572796,0.0690130677629705,0.18233319475555496,0.0772301764902128,190.8,102.09162551355523,73.4,104.63651370339133,6.2,3.63318042491699,5.2,2.04939015319192,0.950135232881894,8.934113036051886e-05,,,,
5_RgbDet_ThrPred_Meta,logistic_regression,pca_off,smote_off,val,0.848471673254282,0.09669594421436319,0.6247957164244854,0.06696126938710519,0.18116360247139995,0.03716959075731498,0.1769014084507042,0.13315199229777874,0.3806493506493506,0.2019742423498981,0.6307702026472336,0.07613797961149864,0.09577118293407849,0.04680803471732589,0.3942533225705516,0.5365720472177323,0.18116360247139998,0.03716959075731499,229.6,28.368997162395434,34.6,27.969626382917593,7.2,3.03315017762062,4.2,2.280350850198276,,,,,,
4_RgbPred_ThrPred_Meta,xgboost,pca_on,smote_on,val,0.8402951251646904,0.05322448641325142,0.6447157781659878,0.0894420327920825,0.18087989106492047,0.07688621347193486,0.12001022499157359,0.054804016652947506,0.43168831168831173,0.22255769757404759,0.6231483496655621,0.12248580112084312,0.08860097353344036,0.0554827934330597,0.06816344186663623,0.0388757030915847,0.18087989106492047,0.07688621347193486,226.6,16.861198059449986,37.6,16.97939928266015,6.4,3.1304951684997055,5.0,2.9154759474226504,0.950135232881894,8.934113036051886e-05,0.9501083643833956,9.069603202876924e-05,,
3_RgbPred_Meta,logistic_regression,pca_on,smote_off,val,0.7552595520421608,0.25716690767335,0.6324730369646238,0.06283921388935675,0.17922669922669918,0.0710565457858201,0.15114249234852248,0.11338661919257309,0.49896103896103894,0.29718190643424225,0.5860532258905192,0.13127718164763083,0.1012801695627954,0.0699427469560725,0.5627899813508944,0.5193069649780002,0.17922669922669918,0.07105654578582007,202.4,73.82953338603733,61.8,73.66274499365335,5.6,3.5071355833500366,5.8,3.63318042491699,0.950135232881894,8.934113036051886e-05,,,,
5_RgbDet_ThrPred_Meta,logistic_regression,pca_off,smote_on,val,0.8230144927536232,0.08231286290311317,0.646373790706744,0.06633523054337234,0.17874103819844184,0.032483121568507196,0.1467373061104041,0.10514742088668698,0.4533766233766234,0.1763200327781385,0.6306230575489457,0.07455841093909092,0.09585168160597118,0.04367458150519589,0.20273473310035736,0.4456979780510289,0.17874103819844184,0.03248312156850718,221.8,24.1909073827337,42.4,23.543576618687315,6.4,2.9664793948382653,5.0,2.0,,,,,,
5_RgbDet_ThrPred_Meta,xgboost,pca_on,smote_on,val,0.7321897233201582,0.1907045082141074,0.6444880004687767,0.040066936272687745,0.17811608977253146,0.09411687996515566,0.12068894068894065,0.07911283719086151,0.5456709956709956,0.19615692640394086,0.6308201446153452,0.07416349441982716,0.09905504502955795,0.06121529479864133,0.11901348792016504,0.08480752466141024,0.17811608977253143,0.09411687996515561,196.0,53.084837759947995,68.2,55.391335062444554,5.6,3.2093613071762426,5.8,0.8366600265340756,,,0.9501083643833956,9.069603202876924e-05,0.9502636037627221,0.0002098152740289107
3_RgbPred_Meta,logistic_regression,pca_on,smote_on,val,0.7522872200263505,0.22141794622928834,0.6415040460887964,0.062361406461378346,0.17759515181229021,0.07609765677321721,0.11947738934782821,0.07019797893713839,0.5207792207792208,0.2239166766026059,0.5858586161903098,0.13157992920371078,0.09516654522050885,0.05918887131562756,0.406931732905684,0.5408910458983064,0.1775951518122902,0.07609765677321717,201.4,63.2281582841063,62.8,63.07297360993851,5.4,2.9664793948382653,6.0,2.7386127875258306,0.950135232881894,8.934113036051886e-05,,,,
1_MetaOnly,logistic_regression,pca_off,smote_on,val,0.7597391304347827,0.17185170623100454,0.6315213785915248,0.04863416532521309,0.17475652336411826,0.08471813764164113,0.142358114082252,0.1336095691866215,0.4925974025974026,0.21719009908159168,0.6259264810908194,0.0922486567555523,0.09042194664238275,0.06651232368084331,0.5987578944441097,0.2241112852992346,0.17475652336411826,0.08471813764164113,203.6,49.611490604496055,60.6,49.22702509800892,5.6,2.4083189157584592,5.8,3.03315017762062,,,,,,
4_RgbPred_ThrPred_Meta,random_forest,pca_off,smote_off,val,0.7461844532279315,0.3785364233361703,0.562830675991256,0.027310570845969773,0.17216759700244103,0.06350617865141535,0.23165379996568877,0.18753839346534504,0.36796536796536794,0.36441822253768275,0.4841563965877976,0.06648485950921255,0.09502855637268859,0.05800680129146199,0.07466666666666663,0.03708848278853635,0.17216759700244103,0.06350617865141535,200.8,110.12129675952785,63.4,108.239549149098,6.6,4.09878030638384,4.8,5.805170109479997,,,,,,
4_RgbPred_ThrPred_Meta,svm,pca_off,smote_on,val,0.7784637681159421,0.15956572722219703,0.5983944846395148,0.04022374940217719,0.1704170697030635,0.10298556498275936,0.18053452525475477,0.23493745193108825,0.4025974025974026,0.1919356351926878,0.5933577995913926,0.11062722637201645,0.10613390385085153,0.11011353874990294,2.9878761211466607e-06,5.734784458487417e-06,0.1704170697030635,0.10298556498275936,210.0,46.502688094345686,54.2,45.17410762815354,6.8,2.8635642126552705,4.6,2.3021728866442674,,,,,,
3_RgbPred_Meta,svm,pca_off,smote_on,val,0.6934176548089591,0.37106416446918994,0.5886609108649741,0.08934220045471994,0.1689202939202939,0.12749776955936076,0.11951515151515149,0.10878188554437512,0.47523809523809524,0.32103856409657117,0.5276263150467858,0.17089271209069734,0.08951729354722078,0.08617397949484716,8.850856620269726e-05,0.00012719153514110167,0.16892029392029387,0.1274977695593607,185.6,105.39592022464626,78.6,105.02285465554627,5.8,3.492849839314596,5.6,3.646916505762094,,,,,,
3_RgbPred_Meta,logistic_regression,pca_off,smote_off,val,0.7681501976284585,0.2936175337204541,0.5905535033101951,0.042346788385984734,0.1686234175764742,0.07984320484723487,0.1728984259714707,0.15016728231675053,0.397056277056277,0.31916880228061745,0.5560442661609789,0.14452298474373024,0.08132076805255431,0.05342202124609829,0.4039751192226803,0.5441367869020795,0.1686234175764742,0.0798432048472349,207.2,84.44347221662548,57.0,84.18729120241368,6.8,3.96232255123179,4.6,3.5777087639996634,,,,,,
2_ThrPred_Meta,logistic_regression,pca_off,smote_off,val,0.7599367588932806,0.30379485072333173,0.5858135441777992,0.0250693018777511,0.1678129890453834,0.05009983625386034,0.14214141414141412,0.0796131153638966,0.3998701298701298,0.3065013634133698,0.5921558918165161,0.10864069433779149,0.08747025571869597,0.044873131304260426,0.2296998169033771,0.431940946389355,0.16781298904538336,0.05009983625386032,204.4,88.77668612873539,59.8,86.86598874127894,6.4,3.5777087639996634,5.0,5.0990195135927845,,,,,,
4_RgbPred_ThrPred_Meta,svm,pca_on,smote_on,val,0.5490566534914361,0.46937127341549034,0.5593962438068902,0.059293658188074465,0.16751052123632718,0.13548781646492922,0.2560213940648723,0.41718694254213,0.5696969696969697,0.4019937113753244,0.5843102551094426,0.0902532377153287,0.1083250188809048,0.11941766110306945,2.0195243367897922e-05,2.7217326637644816e-05,0.16751052123632718,0.13548781646492922,144.8,133.51853803873078,119.4,134.21736102308077,5.0,4.636809247747852,6.4,5.176871642217914,0.950135232881894,8.934113036051886e-05,0.9501083643833956,9.069603202876924e-05,,
3_RgbPred_Meta,logistic_regression,pca_off,smote_on,val,0.758695652173913,0.3092960756818501,0.5856249401116699,0.04352411890757641,0.16641764103212225,0.08072913186267501,0.17142857142857143,0.15121215161460527,0.397056277056277,0.31916880228061745,0.5534606248664875,0.14488944151792188,0.08194619110546748,0.05513917127942162,0.40270571772385627,0.545273637778268,0.1664176410321223,0.08072913186267504,204.6,88.75978819262696,59.6,88.50028248542488,6.8,3.96232255123179,4.6,3.5777087639996634,,,,,,
3_RgbPred_Meta,xgboost,pca_on,smote_off,val,0.843357048748353,0.09351081603280799,0.5997167063434513,0.03352220832728568,0.1653417609102486,0.055935744485207245,0.1274053309286452,0.05843806606442158,0.33359307359307355,0.12072552298220632,0.5540975216913933,0.07471348877600628,0.07192859805738569,0.02543215651533089,0.11272192336618896,0.08397378718080958,0.16534176091024863,0.05593574448520725,228.6,26.06338427756457,35.6,27.88010043023518,7.6,2.1908902300206647,3.8,1.9235384061671346,0.950135232881894,8.934113036051886e-05,,,,
3_RgbPred_Meta,random_forest,pca_on,smote_off,val,0.6515942028985507,0.334934831351352,0.6126317514302457,0.03368236651241482,0.16372898939796493,0.07457454862013055,0.1396059727309727,0.11446992953451283,0.5719047619047619,0.4078328878340895,0.510187912354556,0.08874498678329518,0.07297811548318203,0.04185022271577799,0.06799999999999998,0.043627208635590393,0.16372898939796493,0.07457454862013055,172.8,96.92368131679689,91.4,96.26162267487496,4.6,4.33589667773576,6.8,4.8166378315169185,0.950135232881894,8.934113036051886e-05,,,,
3_RgbPred_Meta,random_forest,pca_off,smote_off,val,0.8504558629776021,0.10212838277468987,0.589994945250689,0.026405984318858135,0.1627543012135822,0.02583288266207657,0.1483855522638178,0.08098404654412163,0.30796536796536794,0.15949887321474618,0.5585331043306005,0.10319222422596785,0.08473153137615023,0.04430979093515602,0.07266666666666663,0.014023789311975064,0.1627543012135822,0.02583288266207658,230.6,30.924100633648184,33.6,28.456985082752528,7.6,1.5165750888103104,3.8,2.6832815729997477,,,,,,
1_MetaOnly,svm,pca_off,smote_on,val,0.8467299077733861,0.18216647089197086,0.5868099697877931,0.04564936697203055,0.16198409114260381,0.057197107942819264,0.3097722321251733,0.3913139814140001,0.304025974025974,0.2654698857262477,0.6132211149621731,0.04319729823983656,0.09678635242600331,0.052564931773620545,0.6241141077944945,0.38694975167038465,0.16198409114260387,0.057197107942819306,229.8,53.190224665816174,34.4,52.78541465215557,7.8,3.2710854467592254,3.6,3.2093613071762426,,,,,,
2_ThrPred_Meta,logistic_regression,pca_on,smote_on,val,0.7165138339920948,0.2872233345834546,0.6125722263081274,0.05450706028070048,0.16125335854454342,0.04507433072803954,0.11274938209029699,0.06003042215963339,0.5032034632034632,0.28456393931382873,0.5833628684392718,0.11586976425558333,0.06854915072215814,0.02202396272542215,0.200086737427532,0.44716514655703116,0.16125335854454342,0.04507433072803954,191.2,83.54759122799412,73.0,81.6731289960168,5.2,2.8635642126552705,6.2,4.658325879540846,,,0.9501083643833956,9.069603202876924e-05,,
4_RgbPred_ThrPred_Meta,xgboost,pca_off,smote_off,val,0.7372490118577075,0.21406038867632748,0.6326863989057147,0.06135508112801877,0.1610211368657626,0.07611619772551446,0.11410128080008977,0.06406409606859506,0.5156709956709957,0.3182200112542844,0.5872892771499002,0.04414354904420358,0.0725130649210603,0.034227002774774966,0.04534432254731654,0.025288112723612942,0.16102113686576264,0.07611619772551446,197.8,61.51178748825301,66.4,62.93488698647198,6.0,4.527692569068709,5.4,2.9664793948382653,,,,,,
2_ThrPred_Meta,xgboost,pca_off,smote_on,val,0.7118761528326746,0.20309075914659971,0.5960514833077103,0.037050295820928204,0.16033123402132565,0.08444073368703425,0.12378280792216341,0.11781651293056411,0.47320346320346324,0.19866276777006842,0.5679251184151795,0.07077773390126145,0.07215270997476718,0.040615945993484434,0.10726730264723297,0.09484542269742047,0.16033123402132562,0.0844407336870342,190.4,59.538223016815,73.8,56.84364520331187,5.6,1.6733200530681511,5.8,3.7682887362833544,,,,,,
2_ThrPred_Meta,xgboost,pca_on,smote_off,val,0.8671831357048749,0.06220576205749482,0.5807016725872746,0.04014728535916157,0.15852650642566607,0.055503804129650426,0.11917331206804889,0.05596373046372766,0.26835497835497835,0.04886705797898848,0.569946816833163,0.16026483059647856,0.08317737702114568,0.04905100219940467,0.1167843639850616,0.07985742447982401,0.15852650642566607,0.055503804129650426,236.0,17.60681686165901,28.2,16.26960356001338,8.4,2.5099800796022262,3.0,0.7071067811865476,,,0.9501083643833956,9.069603202876924e-05,,
2_ThrPred_Meta,xgboost,pca_off,smote_off,val,0.7383372859025032,0.38980282848384507,0.5692245152689668,0.04531123668103458,0.1584222633879384,0.06239485678441478,0.18393956122595018,0.18243614789568435,0.38380952380952377,0.35417176867073413,0.5031588546538781,0.1331332335941178,0.0769280755099684,0.03844076458055954,0.1040644291322678,0.11623974369915797,0.1584222633879384,0.06239485678441479,199.4,111.3925491224615,64.8,111.2865670240573,7.2,4.969909455915671,4.2,3.8987177379235853,,,,,,
2_ThrPred_Meta,logistic_regression,pca_on,smote_off,val,0.7194097496706192,0.2846435543341305,0.6061384327775311,0.04493509087374945,0.15720685111989458,0.04283390634066233,0.10844712393593525,0.05478675500361447,0.4865367965367965,0.26848153644804745,0.582630726409613,0.11620309526395159,0.0724716860335282,0.02852492440443822,0.2002091960191777,0.4470968573404689,0.15720685111989458,0.04283390634066233,192.2,82.75083081153929,72.0,80.87335778858201,5.4,2.701851217221259,6.0,4.527692569068709,,,0.9501083643833956,9.069603202876924e-05,,
1_MetaOnly,xgboost,pca_off,smote_on,val,0.7690250329380764,0.2488539199100569,0.5971596594435908,0.02674611450092325,0.1533257463951656,0.05137534848037358,0.11084112959112954,0.05218154580054234,0.4103896103896104,0.29663888184987774,0.6353607949229438,0.06746412777098788,0.08024371202841286,0.036394499735527566,0.43307004272937777,0.25913482248262965,0.1533257463951656,0.05137534848037358,207.2,71.86584724331857,57.0,71.4177848998413,6.6,3.5071355833500366,4.8,3.3466401061363023,,,,,,
3_RgbPred_Meta,random_forest,pca_on,smote_on,val,0.7104347826086956,0.19398886209808802,0.6145018630503015,0.03789677007519293,0.1521305333178636,0.07214482696146678,0.13102178256877478,0.12166676362136185,0.5093506493506493,0.2479438126982705,0.5396407898055646,0.044669425836603695,0.06299821737445019,0.03148443570527372,0.20866666666666664,0.06833739825307956,0.1521305333178636,0.07214482696146678,190.0,55.794264938253285,74.2,56.5305227288763,5.6,3.286335345030997,5.8,3.1144823004794873,0.950135232881894,8.934113036051886e-05,,,,
5_RgbDet_ThrPred_Meta,logistic_regression,pca_on,smote_off,val,0.6375573122529644,0.38036592793849233,0.5871546740516644,0.04429723364041333,0.1503439153439153,0.05169670261028812,0.10874853801169586,0.05597474355586756,0.5365367965367965,0.3719523748811641,0.5540863553645885,0.13578964231052035,0.06699211987797586,0.024751713340299936,0.2864907964222997,0.42215052634068573,0.1503439153439153,0.05169670261028816,169.0,110.05226031299857,95.2,108.52280866251114,4.8,3.9623225512317903,6.6,5.458937625582473,,,0.9501083643833956,9.069603202876924e-05,0.9502636037627221,0.0002098152740289107
1_MetaOnly,random_forest,pca_off,smote_off,val,0.7672226613965745,0.19416755380629308,0.5953757408837763,0.0470262521472255,0.14939957176184843,0.06642553672787693,0.1690011539428092,0.1897685338506547,0.40883116883116877,0.3049027800633845,0.5928801737054938,0.09252576829913295,0.07598784741737837,0.03866243573917623,0.10733333333333331,0.11402728718259598,0.14939957176184843,0.06642553672787693,206.6,57.48304097731783,57.6,57.369852710286786,6.6,3.847076812334269,4.8,4.658325879540846,,,,,,
4_RgbPred_ThrPred_Meta,random_forest,pca_on,smote_on,val,0.8006482213438735,0.13959572473433784,0.6098398851956832,0.05961903238550695,0.14911642302946645,0.02865005061386967,0.2828990411178349,0.4036621760703742,0.401038961038961,0.2629303735348705,0.5657030173128493,0.03963750251886204,0.07632840447326103,0.03672051332730291,0.2633333333333333,0.07199537022151728,0.14911642302946645,0.02865005061386967,216.2,40.69643719049618,48.0,41.340053217188775,7.0,3.3166247903554,4.4,2.8809720581775866,0.950135232881894,8.934113036051886e-05,0.9501083643833956,9.069603202876924e-05,,
2_ThrPred_Meta,logistic_regression,pca_off,smote_on,val,0.7396337285902503,0.29050241066334986,0.5892877398677364,0.03710321225523285,0.14875420702986597,0.04090949396938289,0.12004578754578751,0.07982932484499271,0.42844155844155835,0.29978447184442564,0.5828459902546745,0.09648807661954195,0.08251292978008296,0.04618729389584401,0.21893679940231836,0.4369915989599399,0.14875420702986597,0.04090949396938289,198.6,84.94292201237252,65.6,83.29645850815028,6.2,3.7013511046643495,5.2,4.969909455915671,,,,,,
5_RgbDet_ThrPred_Meta,logistic_regression,pca_on,smote_on,val,0.617262187088274,0.3696916829453043,0.6045125864721127,0.07283985201954156,0.14794459909956353,0.04920131477840702,0.10204056269692352,0.05186869464492571,0.5936796536796536,0.3447365842663413,0.5603906108111059,0.13453861142468793,0.06477269294889092,0.022340888319388453,0.2469621389449781,0.433065531274642,0.14794459909956353,0.04920131477840702,163.0,106.73097020078099,101.2,105.39307377622119,4.4,4.03732584763727,7.0,5.0990195135927845,,,0.9501083643833956,9.069603202876924e-05,0.9502636037627221,0.0002098152740289107
5_RgbDet_ThrPred_Meta,xgboost,pca_off,smote_off,val,0.5680500658761528,0.25383556394027307,0.6120350404405229,0.03453644543665373,0.14623837651112076,0.06935652624605756,0.10082275186125422,0.08408492769180684,0.6622943722943723,0.2531297320929852,0.592441716789633,0.10045971790236341,0.06849066222490659,0.02564958027534959,0.08827669154852624,0.07286282469933926,0.14623837651112076,0.06935652624605756,148.8,73.3328030283856,115.4,71.5632587296023,3.6,2.4083189157584592,7.8,3.3466401061363023,,,,,,
1_MetaOnly,xgboost,pca_off,smote_off,val,0.8412358366271411,0.18402655936721984,0.5837891241419635,0.06364591714147473,0.14583317410600338,0.058710022762205896,0.4705387205387205,0.485830993380823,0.301038961038961,0.3015292678409586,0.605883704747157,0.056122548225244026,0.10112391805989221,0.052245559375937924,0.6396853595972061,0.33132871834019123,0.14583317410600338,0.058710022762205896,228.6,52.548073228235495,35.6,54.619593553961934,8.2,3.8340579025361627,3.2,3.1937438845342623,,,,,,
1_MetaOnly,svm,pca_off,smote_off,val,0.6543478260869565,0.22626090073643657,0.6307494128321098,0.038209637235732834,0.14465941470655444,0.0341489289784816,0.09269827795294684,0.03835729596351515,0.605930735930736,0.3084766289775663,0.5987401687253626,0.026369892671520588,0.07176225380057004,0.02729768442554578,0.04829612955744218,0.022750406780676666,0.14465941470655444,0.0341489289784816,173.4,66.4176181445857,90.8,65.36589324716675,4.4,3.9749213828703582,7.0,3.872983346207417,,,,,,
2_ThrPred_Meta,svm,pca_off,smote_off,val,0.6451646903820816,0.30008332103939606,0.613087098217981,0.09645235070689266,0.14390866971312513,0.03032545788681064,0.18315508021390375,0.18617230605419482,0.5834199134199134,0.4360016514624223,0.5098660345502797,0.13130881163910232,0.061381780673469534,0.022813452113753012,0.04042806183961596,0.004827802245206828,0.14390866971312513,0.03032545788681064,170.4,88.25701105294695,93.8,86.01569624202318,4.0,4.06201920231798,7.4,6.107372593840988,,,,,,
1_MetaOnly,random_forest,pca_off,smote_on,val,0.7465322793148881,0.17048091854557,0.6171363245739752,0.038980449174225766,0.1434466377504352,0.03201118332629772,0.09574487407836599,0.04229641613300185,0.475930735930736,0.22280232350316242,0.5940487643929385,0.044579032341062357,0.07875870089247662,0.041221677274196254,0.21399999999999997,0.17404341731622922,0.1434466377504352,0.03201118332629772,200.4,49.661856590345074,63.8,49.28184249802355,6.0,3.4641016151377544,5.4,2.701851217221259,,,,,,
4_RgbPred_ThrPred_Meta,xgboost,pca_off,smote_on,val,0.8498840579710144,0.09781321759171997,0.5937068296173204,0.06743731297036806,0.14330085685679922,0.02534673254330129,0.11777156305397636,0.05290880982290306,0.31255411255411253,0.2353073698200637,0.5719581894060625,0.06681396782834853,0.06604555663771652,0.012579274055614365,0.21950460746884343,0.17287428104671007,0.14330085685679922,0.02534673254330129,231.0,28.257742301889582,33.2,29.752310834622577,8.2,3.4928498393145966,3.2,1.6431676725154984,,,,,,
4_RgbPred_ThrPred_Meta,xgboost,pca_on,smote_off,val,0.8222793148880105,0.11205555284439286,0.591964752893285,0.04688190513442577,0.14162534579049008,0.04079780079567,0.26959752321981423,0.4092630658061385,0.3391341991341991,0.20052815329396598,0.5175055145133732,0.03471215048360618,0.07682714539647631,0.03962526133897859,0.0937853138893842,0.07829742858378694,0.14162534579049008,0.04079780079567002,223.0,31.906112267087632,41.2,33.80384593504118,7.8,3.492849839314596,3.6,1.816590212458495,0.950135232881894,8.934113036051886e-05,0.9501083643833956,9.069603202876924e-05,,
5_RgbDet_ThrPred_Meta,svm,pca_off,smote_off,val,0.7523741765480896,0.16569572001277508,0.5850518619759961,0.04520068613898592,0.14030001833852923,0.03934838342080145,0.12556371467784228,0.11689702644144907,0.40432900432900426,0.20444178412238628,0.5199477179673286,0.06145625107348781,0.06515971613753276,0.01874140302188213,0.040222674389422904,0.009048400698110139,0.14030001833852923,0.03934838342080143,202.6,48.35597170981057,61.6,46.31198548971962,6.6,2.4083189157584592,4.8,2.588435821108957,,,,,,
4_RgbPred_ThrPred_Meta,random_forest,pca_off,smote_on,val,0.6145164690382081,0.3723792879702977,0.5808924571250864,0.02561608030981766,0.1395079792301004,0.06622014780199094,0.13139705593083448,0.12233183035543793,0.5384848484848485,0.39306663227812705,0.48606586898519966,0.044501248968017694,0.05933327787696816,0.027217823349627995,0.19266666666666662,0.03260879227038827,0.1395079792301004,0.06622014780199094,164.0,105.66219759213794,100.2,107.75991833701434,6.0,5.338539126015656,5.4,3.2093613071762426,,,,,,
2_ThrPred_Meta,svm,pca_on,smote_off,val,0.7403557312252964,0.22964209254587212,0.6057254722559879,0.07720297909341091,0.1391723508250746,0.027356482883754963,0.1160612228607458,0.055163550732040996,0.46281385281385284,0.35264192554917373,0.5272644864569074,0.09570609993390526,0.059276367422551955,0.00979911201742952,0.04660360016221706,0.017146837858468628,0.1391723508250746,0.027356482883754963,198.2,68.10066078974565,66.0,66.04165352260647,5.6,3.5071355833500366,5.8,5.06951674225463,,,0.9501083643833956,9.069603202876924e-05,,
3_RgbPred_Meta,xgboost,pca_off,smote_on,val,0.6160579710144928,0.3357895438933791,0.5990445751578208,0.05712984633083713,0.1373923252567646,0.06445601759727006,0.26509272491169944,0.4136940406785585,0.5754545454545454,0.34805704967078027,0.5720976347085264,0.08912295295842773,0.07789331338342001,0.04401211270530855,0.11473309360444542,0.11064385582888814,0.1373923252567646,0.06445601759727006,163.8,94.49708990228218,100.4,96.92677648617021,5.4,4.505552130427524,6.0,2.9154759474226504,,,,,,
2_ThrPred_Meta,xgboost,pca_on,smote_on,val,0.8585270092226613,0.07044326516209817,0.5842987509947751,0.056308104458809335,0.13570850202429147,0.033316336971690196,0.13950922266139654,0.11204757680762295,0.285021645021645,0.18510020929112952,0.5764871160848442,0.07356362744827029,0.07245831744643542,0.027015349463440905,0.1345892712473869,0.1212687447586477,0.13570850202429147,0.033316336971690196,233.4,21.279097725232617,30.8,21.74166506963071,8.2,3.2710854467592254,3.2,2.280350850198276,,,0.9501083643833956,9.069603202876924e-05,,
3_RgbPred_Meta,random_forest,pca_off,smote_on,val,0.7653886693017127,0.25710534057733647,0.5712142690403801,0.013232015844154931,0.13428818126821757,0.04141763473301145,0.10250485511908265,0.050044119670819655,0.36017316017316015,0.27358742254013746,0.5695266075070627,0.05473900704250129,0.06303183880329719,0.021373117323087762,0.21599999999999997,0.0451786576948797,0.13428818126821757,0.04141763473301145,206.8,74.3081422187367,57.4,73.69735409090343,7.2,3.5637059362410928,4.2,3.492849839314596,,,,,,
5_RgbDet_ThrPred_Meta,svm,pca_on,smote_off,val,0.6169249011857707,0.28977260918235154,0.5930956470602784,0.060462644795997555,0.1326997163925127,0.03381232607212223,0.09529607051066184,0.061074260246470266,0.5725108225108225,0.3069207590197109,0.5054289300519053,0.08552376901642134,0.062382041992250795,0.027951589814290124,0.0521814150918655,0.021031750799187197,0.1326997163925127,0.03381232607212223,162.8,84.74196127067157,101.4,82.08410321127958,4.2,2.4899799195977463,7.2,5.019960159204453,,,0.9501083643833956,9.069603202876924e-05,0.9502636037627221,0.0002098152740289107
5_RgbDet_ThrPred_Meta,random_forest,pca_on,smote_on,val,0.74232674571805,0.1598764224477007,0.5836036579695492,0.0634623979548517,0.1326076951598014,0.07221204788780376,0.08636712073635375,0.052660335699261755,0.41108225108225105,0.18520515687236946,0.5436350045871544,0.12612746696151922,0.08241814087271279,0.07932626581582589,0.23066666666666666,0.03752036484068054,0.1326076951598014,0.07221204788780376,199.8,45.746038079816266,64.4,45.46757086099938,6.6,2.4083189157584592,4.8,2.588435821108957,,,0.9501083643833956,9.069603202876924e-05,0.9502636037627221,0.0002098152740289107
2_ThrPred_Meta,svm,pca_on,smote_on,val,0.6227272727272728,0.3904412107825162,0.5675051676429826,0.060509333788411064,0.13229757535679373,0.029469987767801648,0.16894814800185642,0.18867655616954904,0.5134199134199134,0.3916153617940838,0.531447081330589,0.0893788026450678,0.0596790873242944,0.01640576015122593,3.59336677966828e-05,6.69755583423516e-05,0.13229757535679373,0.029469987767801648,165.0,113.38650713378554,99.2,111.09095372711498,4.8,3.7013511046643495,6.6,5.89915248150105,,,0.9501083643833956,9.069603202876924e-05,,
5_RgbDet_ThrPred_Meta,svm,pca_on,smote_on,val,0.703304347826087,0.3941115543146083,0.5380136451413324,0.025949605349249588,0.1301075376654217,0.04583126023532209,0.21066754501537108,0.1984197635830338,0.3634199134199134,0.3953627774490731,0.5003048664043765,0.10880320582237744,0.06196001560740446,0.0268362352222663,0.18167601312079415,0.3518215695738194,0.1301075376654217,0.04583126023532209,189.0,114.74972766852215,75.2,112.61749420050155,6.6,4.33589667773576,4.8,6.099180272790763,,,0.9501083643833956,9.069603202876924e-05,0.9502636037627221,0.0002098152740289107
5_RgbDet_ThrPred_Meta,xgboost,pca_off,smote_on,val,0.564901185770751,0.2404838719185611,0.6337416944606649,0.044072786299821656,0.1259682232739782,0.029091503878648794,0.07149099095883041,0.020405698053286687,0.7101298701298702,0.2529638409375412,0.6056571968814434,0.09241356457238259,0.058587271069815185,0.012418596246072064,0.13453130349516865,0.07785753983971537,0.1259682232739782,0.029091503878648794,147.4,69.79469893910282,116.8,69.08834923487461,3.2,3.03315017762062,8.2,4.08656334834051,,,,,,
2_ThrPred_Meta,random_forest,pca_off,smote_off,val,0.5456126482213438,0.4264832919380571,0.5698155610518606,0.06103038266094082,0.12460948570475949,0.05872555203048085,0.08219754970711986,0.04516836055036824,0.5900000000000001,0.39115214431215894,0.4986427108706354,0.16940730908242788,0.05826498230678706,0.03073409568974205,0.0693333333333333,0.02553864174583729,0.12460948570475949,0.05872555203048085,144.4,120.31334090615222,119.8,122.53652516698848,5.4,5.366563145999495,6.0,3.3166247903554,,,,,,
5_RgbDet_ThrPred_Meta,random_forest,pca_on,smote_off,val,0.7867430830039526,0.20289894948885404,0.5558403596803738,0.029610806343677354,0.1168932200566383,0.03832710165916911,0.08036347131445169,0.032631854301712906,0.30493506493506495,0.2145312336967334,0.4821194147409756,0.1371177819999995,0.058879398407943914,0.03263063270202519,0.0853333333333333,0.030239782480111263,0.1168932200566383,0.03832710165916911,213.2,58.41831904462846,51.0,58.02585630561604,7.8,3.03315017762062,3.6,2.701851217221259,,,0.9501083643833956,9.069603202876924e-05,0.9502636037627221,0.0002098152740289107
2_ThrPred_Meta,random_forest,pca_off,smote_on,val,0.6577206851119894,0.21494871526196205,0.595160210030274,0.04654784400498458,0.11601208992273662,0.030881596250351098,0.09163606593041693,0.06348449601024189,0.5270995670995671,0.2805655475642252,0.5693722270186483,0.05159502226797119,0.056621178923950355,0.01379503849467777,0.21533333333333332,0.06085501896584483,0.11601208992273662,0.030881596250351098,175.2,62.431562530502156,89.0,62.55397669213365,5.4,3.507135583350036,6.0,4.0,,,,,,
4_RgbPred_ThrPred_Meta,random_forest,pca_on,smote_off,val,0.7860527009222661,0.1593315908692218,0.5706442568088146,0.05592033368074566,0.11363394006251146,0.041094432317183044,0.08588844990732608,0.03704249676534016,0.33532467532467536,0.26531717591970755,0.5022268828607839,0.04435254199951989,0.07854942841061639,0.05242739798254312,0.08199999999999996,0.03060501048303472,0.11363394006251144,0.04109443231718305,212.8,46.61759324546903,51.4,47.51105134597634,7.6,3.9749213828703582,3.8,3.271085446759225,0.950135232881894,8.934113036051886e-05,0.9501083643833956,9.069603202876924e-05,,
2_ThrPred_Meta,random_forest,pca_on,smote_on,val,0.44736758893280626,0.3105987289717704,0.5976879441361973,0.05990044537432613,0.1135389503677777,0.03616847723448496,0.06271314149324085,0.021490416324744816,0.7606060606060605,0.22737371493701902,0.5161226759391523,0.15326247531268497,0.055398983348759964,0.02570350252145641,0.19666666666666663,0.03643868518179241,0.1135389503677777,0.03616847723448496,114.6,87.39736838143355,149.6,88.43811395546605,2.8,2.6832815729997477,8.6,3.646916505762094,,,0.9501083643833956,9.069603202876924e-05,,
2_ThrPred_Meta,random_forest,pca_on,smote_off,val,0.5597918313570487,0.3664915285342379,0.5646828144464476,0.03727175472200546,0.11107598978288631,0.019839828786898075,0.14871657151930845,0.1966631539837434,0.5737229437229436,0.4317946808694682,0.49050745553954506,0.04089464453427903,0.054244217713370804,0.02050219217848265,0.07133333333333332,0.028925190866555525,0.11107598978288631,0.019839828786898075,147.4,106.66911455524509,116.8,104.77690585238715,4.4,4.39317652729776,7.0,5.522680508593631,,,0.9501083643833956,9.069603202876924e-05,,
5_RgbDet_ThrPred_Meta,random_forest,pca_off,smote_on,val,0.3563241106719367,0.35360444658545587,0.5670639212370359,0.05238664404367937,0.10840720349422525,0.02370023823269409,0.06164810607714396,0.02191932941119352,0.8025974025974026,0.3121479295203836,0.4811970016662623,0.12288872169982715,0.04851007706652562,0.00964065883393696,0.1973333333333333,0.052936020082947524,0.10840720349422525,0.02370023823269409,88.4,102.45633216156043,175.8,99.80080159998717,1.6,2.3021728866442674,9.8,5.0199601592044525,,,,,,
5_RgbDet_ThrPred_Meta,random_forest,pca_off,smote_off,val,0.6201185770750988,0.36282166749697675,0.5485332183635645,0.03701651284623825,0.10194017625794456,0.01717286569363428,0.07793730140277451,0.05051095990616195,0.47532467532467526,0.3825014316994781,0.49089576963583514,0.032838418501133254,0.04606280459081722,0.009612115216812028,0.08466666666666663,0.038412960775701166,0.10194017625794456,0.01717286569363428,164.8,105.71045359849707,99.4,104.01586417465366,5.4,4.159326868617084,6.0,5.916079783099616,,,,,,
5_RgbDet_ThrPred_Meta,svm,pca_off,smote_on,val,0.35869038208168647,0.4423919549276965,0.5227272727272727,0.033879817840905886,0.0952257940569777,0.02985526399329812,0.07800263504611328,0.06986317828891159,0.7015151515151515,0.42463455903117403,0.5014187742443446,0.055031322034747664,0.04574386041989822,0.01262253166959377,5.074853507850833e-07,7.976588839414378e-07,0.09522579405697772,0.02985526399329814,90.8,126.50375488498355,173.4,126.71740211983514,3.4,4.774934554525329,8.0,5.5677643628300215,,,,,,
2_ThrPred_Meta,svm,pca_off,smote_on,val,0.18846640316205532,0.33027320529541804,0.5212121212121212,0.04743174497726825,0.0907909177789737,0.03394061497346071,0.04961845425515284,0.0222089786630115,0.8833333333333334,0.2608745973749755,0.4849927507009256,0.08126578870247543,0.04268829708731636,0.012273359981045943,1.0390739220139189e-07,8.737172334090707e-09,0.0907909177789737,0.03394061497346071,42.0,93.91485505499116,222.2,94.07284411561075,1.4,3.1304951684997055,10.0,4.0,,,,,,
